Metadata_Source,Metadata_Plate,n_wells
source_1,UL001671,1472
source_1,UL001677,1472
source_1,UL000089,1472
source_1,UL000091,1472
source_1,UL001665,1472
source_1,UL001669,1472
source_1,UL001787,1470
source_1,UL000083,1472
source_1,UL000095,1472
source_1,UL001765,1472
source_1,UL001771,1472
source_1,UL000561,1472
source_1,UL001713,1472
source_1,UL001781,1472
source_1,UL001797,1472
source_1,UL001795,1471
source_1,UL000577,1472
source_1,UL000581,1472
source_1,UL000585,1472
source_1,UL000587,1472
source_1,UL000597,1472
source_1,UL000599,1472
source_1,UL001773,1472
source_1,UL001645,1472
source_1,UL001643,1472
source_1,UL001651,1472
source_1,UL001655,1472
source_1,UL001649,1472
source_1,UL001661,1472
source_1,UL001673,1472
source_1,UL001675,1472
source_1,UL000087,1472
source_1,UL001679,1472
source_1,UL001667,1472
source_1,UL001785,1467
source_1,UL000081,1472
source_1,UL000093,1472
source_1,UL001769,1472
source_1,UL000097,1472
source_1,UL001719,1472
source_1,UL000109,1472
source_1,UL001641,1472
source_1,UL001653,1472
source_1,UL001659,1472
source_1,UL001647,1472
source_1,UL001783,1472
source_1,UL001791,1472
source_1,UL001793,1472
source_1,UL001799,1472
source_1,UL000579,1472
source_1,UL000583,1472
source_1,UL000593,1472
source_1,UL000595,1472
source_1,UL001717,1472
source_1,UL001789,1472
source_2,1053601923,384
source_2,1053600681,384
source_2,1053600711,384
source_2,1053600773,384
source_2,1053597950,384
source_2,1086293973,384
source_2,1086293997,384
source_2,1086293539,384
source_2,1086292365,384
source_2,1086291955,384
source_2,1053601848,384
source_2,1053601879,384
source_2,1053601947,384
source_2,1053600674,384
source_2,1053600704,384
source_2,1053600766,384
source_2,1053600834,384
source_2,1053597875,384
source_2,1053597936,384
source_2,1053597998,384
source_2,1086293836,384
source_2,1086293874,384
source_2,1086293942,384
source_2,1086293430,384
source_2,1086293034,384
source_2,1086293072,384
source_2,1086293089,384
source_2,1086292358,384
source_2,1086292099,384
source_2,1086292112,384
source_2,1086289693,384
source_2,1053600728,384
source_2,1053600759,384
source_2,1053599633,384
source_2,1053599688,384
source_2,1053597837,384
source_2,1053597943,384
source_2,1053597981,384
source_2,1086293898,384
source_2,1086293911,384
source_2,1086293966,384
source_2,1086293980,384
source_2,1086293478,384
source_2,1086293218,384
source_2,1086293232,384
source_2,1086292747,384
source_2,1086292761,384
source_2,1086292754,384
source_2,1086292303,384
source_2,1086290484,384
source_2,1053600780,384
source_2,1053600810,384
source_2,1053600827,384
source_2,1086293393,384
source_2,1086293416,384
source_2,1086293508,384
source_2,1086293515,384
source_2,1086293126,384
source_2,1086293157,384
source_2,1086293171,384
source_2,1086293195,384
source_2,1086292839,384
source_2,1086292860,384
source_2,1086292891,384
source_2,1086292914,384
source_2,1086292938,384
source_2,1086292952,384
source_2,1086292327,384
source_2,1086292488,384
source_2,1086291917,384
source_2,1086291931,384
source_2,1086291948,384
source_2,1086291986,384
source_2,1086292013,384
source_2,1086292037,384
source_2,1086292136,384
source_2,1086292167,384
source_2,1086290477,384
source_2,1086290644,384
source_2,1086290668,384
source_2,1086290330,384
source_2,1086290347,384
source_2,1086290453,384
source_2,1053600858,384
source_2,1053600865,384
source_2,1053600889,384
source_2,1053601756,384
source_2,1053601763,384
source_2,1053599503,384
source_2,1053599572,384
source_2,1053599602,384
source_2,1053599695,384
source_2,1053597967,384
source_2,1086294017,384
source_2,1086293386,384
source_2,1086293485,384
source_2,1086293522,384
source_2,1086292723,384
source_2,1086292082,384
source_2,1086292105,384
source_2,1086292129,384
source_2,1086292143,384
source_2,1086292150,384
source_2,1053601770,384
source_2,1053601787,384
source_2,1053600797,384
source_2,1053600803,384
source_2,1053600841,384
source_2,1053598001,384
source_2,1086293829,384
source_2,1086293881,384
source_2,1086293904,384
source_2,1086293935,384
source_2,1086293959,384
source_2,1086293461,384
source_2,1086293027,384
source_2,1086293096,384
source_2,1086293119,384
source_2,1086293133,384
source_2,1086293164,384
source_2,1086292730,384
source_2,1086292310,384
source_2,1086292419,384
source_2,1086292433,384
source_2,1086292501,384
source_2,1086292068,384
source_2,1086292051,384
source_2,1086289686,384
source_2,1086289716,384
source_2,1086289730,384
source_2,1053601800,384
source_2,1053601824,384
source_2,1053601831,384
source_2,1053600735,384
source_2,1053600742,384
source_2,1053599541,384
source_2,1053599565,384
source_2,1053597844,384
source_2,1053597929,384
source_2,1053597974,384
source_2,1086293492,384
source_2,1086292792,384
source_2,1086292846,384
source_2,1086292853,384
source_2,1086292884,384
source_2,1086292907,384
source_2,1086292341,384
source_2,1086292389,384
source_2,1086292440,384
source_2,1086289709,384
source_2,1053601817,384
source_2,1053601794,384
source_2,1053601855,384
source_2,1053599558,384
source_2,1053597851,384
source_2,1086293812,384
source_2,1086293850,384
source_2,1086294000,384
source_2,1086294024,384
source_2,1086293102,384
source_2,1086292822,384
source_2,1086292921,384
source_2,1086292372,384
source_2,1086292402,384
source_2,1086292426,384
source_2,1086291979,384
source_2,1086292006,384
source_2,1086292020,384
source_2,1086289761,384
source_2,1053601862,384
source_2,1053601909,384
source_2,1053599657,384
source_2,1053599664,384
source_2,1053597806,384
source_2,1053597882,384
source_2,1086293843,384
source_2,1086293867,384
source_2,1086293423,384
source_2,1086293409,384
source_2,1086293447,384
source_2,1086293553,384
source_2,1086293065,384
source_2,1086293188,384
source_2,1086293201,384
source_2,1086293225,384
source_2,1086292778,384
source_2,1086292969,384
source_2,1086292266,384
source_2,1086292273,384
source_2,1086292464,384
source_2,1086292471,384
source_2,1086292495,384
source_2,1086292518,384
source_2,1086291924,384
source_2,1086291962,384
source_2,1086290323,384
source_2,1086290521,384
source_2,1086290354,384
source_2,1086290361,384
source_2,1086289655,384
source_2,1086289662,384
source_2,1086289778,384
source_2,1086289792,384
source_2,1053600872,384
source_2,1053600896,384
source_2,1053599534,384
source_2,1053599589,384
source_2,1053599596,384
source_2,1053599619,384
source_2,1053599626,384
source_2,1053599640,384
source_2,1053599671,384
source_2,1086293454,384
source_2,1086293546,384
source_2,1086293560,384
source_2,1086292945,384
source_2,1086292259,384
source_2,1086292976,384
source_2,1086292280,384
source_2,1086292297,384
source_2,1086292396,384
source_2,1086292457,384
source_2,1086292044,384
source_2,1086292075,384
source_2,1086289648,384
source_2,1086289679,384
source_2,1086289747,384
source_2,1086289754,384
source_2,1086289785,384
source_3,BR5867a3,384
source_3,BR5867d3,384
source_3,BR5868c3,384
source_3,BR5868a3,384
source_3,BR5876a3,384
source_3,J12284a,384
source_3,J12284b,384
source_3,J12432a,384
source_3,J12432b,384
source_3,J12436A,384
source_3,P24P27dW,384
source_3,BAY5868a,384
source_3,BAY5868d,384
source_3,BAY5869a,384
source_3,BAY5869d,384
source_3,BAY5870a,384
source_3,BAY5870d,384
source_3,BR5867c3,384
source_3,BR5867b3,384
source_3,BR5869a3,384
source_3,BR5869b3,384
source_3,BR5870a3,384
source_3,BR5870d3,384
source_3,BR5871a3,384
source_3,BR5871c3,384
source_3,BR5871d3,384
source_3,DMSOCP36,384
source_3,BR5872a3,384
source_3,BR5872b3,384
source_3,BR5873a3,384
source_3,BR5873d3W,384
source_3,BR5874c3,384
source_3,BR5875a3,384
source_3,J12450c,384
source_3,BR5868b3,384
source_3,BAY5867d,384
source_3,BAY5868b,384
source_3,BAY5868c,384
source_3,BAY5869b,384
source_3,BAY5869c,384
source_3,BAY5870b,384
source_3,BAY5870c,384
source_3,BAY5871b,384
source_3,BAY5871c,384
source_3,DMSOC45,384
source_3,DMSOC46,384
source_3,BAY5872a,384
source_3,BAY5872c,384
source_3,BAY5872d,384
source_3,BAY5873c,384
source_3,BAY5873d,384
source_3,BAY5874c,384
source_3,BAY5874d,384
source_3,BAY5875b,384
source_3,BAY5876b,384
source_3,DMSOC48,384
source_3,DMSOC49,384
source_3,JCPQC037,384
source_3,BR5868d3,384
source_3,BR5869c3,384
source_3,BR5869d3,384
source_3,BR5870c3,384
source_3,BR5870b3,384
source_3,BR5871b3,384
source_3,DMSOCP34,384
source_3,DMSOCP35,384
source_3,JCPQC052,384
source_3,JCPQC051,384
source_3,BR5872d3,384
source_3,BR5872c3,384
source_3,BR5873c3,384
source_3,DMSOC42,384
source_3,JCPQC033,384
source_3,BR5873b3,384
source_3,BR5875c3,384
source_3,BR5876d3,384
source_3,DMSOCP37W,384
source_3,JCPQC053,384
source_3,JCPQC054,384
source_3,C13443aW,384
source_3,C13443dW,384
source_3,C13451aW,384
source_3,C13459bW,384
source_3,C13459dW,384
source_3,C13487bW,384
source_3,C13487dW,384
source_3,C13495bW,384
source_3,C13495cW,384
source_3,B040103d,384
source_3,B040203d,384
source_3,B040303a,384
source_3,B040303c,384
source_3,B040603a,384
source_3,B040603b,384
source_3,B040903a,384
source_3,B040903b,384
source_3,DMSOC35,384
source_3,DMSOC36,384
source_3,B40003aW,384
source_3,B40003bW,384
source_3,B40403aW,384
source_3,B40003dW,384
source_3,B40503bW,384
source_3,B40503cW,384
source_3,B40503dW,384
source_3,B40703aW,384
source_3,B40703dW,384
source_3,B40803bW,384
source_3,B40803dW,384
source_3,DMSOC38,384
source_3,JCPQC030,384
source_3,JCPQC031,384
source_3,A12069dW,384
source_3,A12069cW,384
source_3,A12079dW,384
source_3,A12083bW,384
source_3,A12083dW,384
source_3,A13407bW,384
source_3,A13407cW,384
source_3,A13415aW,384
source_3,A13415cW,384
source_3,DMSOC40,384
source_3,DMSOC41,384
source_3,A13451bW,384
source_3,A13451dW,384
source_3,DMSOC44,384
source_3,J12440dW,384
source_3,P24P27cW,384
source_3,JCPQC034,384
source_3,BAY5867b,384
source_3,BAY5867c,384
source_3,BAY5876a,384
source_3,BR5874a3,384
source_3,BR5874d3,384
source_3,BR5874b3,384
source_3,J12436b,384
source_3,J12436d,384
source_3,J12446c,384
source_3,J12450a,384
source_3,JCPQC023,384
source_3,A13415dW,384
source_3,BAY5871a,384
source_3,BAY5871d,384
source_3,DMSOC47,384
source_3,JCPQC035,384
source_3,JCPQC036,384
source_3,BAY5872b,384
source_3,BAY5873a,384
source_3,BAY5873b,384
source_3,BAY5874a,384
source_3,BAY5874b,384
source_3,BAY5875a,384
source_3,BAY5875d,384
source_3,BAY5876c,384
source_3,BAY5876d,384
source_3,BR5875b3,384
source_3,BR5875d3,384
source_3,C13443bW,384
source_3,C13443cW,384
source_3,C13451cW,384
source_3,C13459aW,384
source_3,C13459cW,384
source_3,C13487aW,384
source_3,C13487cW,384
source_3,C13495aW,384
source_3,DMSOC16,384
source_3,DMSOC17,384
source_3,DMSOC18,384
source_3,DMSOC19,384
source_3,J12424a,384
source_3,BAY5875c,384
source_3,J12428c,384
source_3,J12440b,384
source_3,J12455a,384
source_3,J12455d,384
source_3,J12459a,384
source_3,J12459d,384
source_3,JCPQC018,384
source_3,DMSOC23,384
source_3,DMSOC24,384
source_3,J12284c,384
source_3,J12284d,384
source_3,J12432c,384
source_3,J12432d,384
source_3,J12436c,384
source_3,J12446a,384
source_3,J12446b,384
source_3,J12450b,384
source_3,J12446d,384
source_3,B040103c,384
source_3,DMSOC50,384
source_3,J12450d,384
source_3,JCPQC020,384
source_3,DMSOC26,384
source_3,JCPQC022,384
source_3,SP01P04a,384
source_3,SP01P04d,384
source_3,SP05P08a,384
source_3,SP05P08c,384
source_3,SP16P19a,384
source_3,SP16P19d,384
source_3,SP20P23b,384
source_3,SP20P23d,384
source_3,SP24P27b,384
source_3,DMSOC29,384
source_3,JCPQC024,384
source_3,SP09P12a,384
source_3,SP09P12c,384
source_3,SP13P16b,384
source_3,SP13P16a,384
source_3,SP28P31a,384
source_3,SP28P31c,384
source_3,SP32P35a,384
source_3,SP32P35c,384
source_3,SP36P38a,384
source_3,SP36P38c,384
source_3,B040103a,384
source_3,JCPQC038,384
source_3,J12424b,384
source_3,J12424c,384
source_3,J12428b,384
source_3,J12440a,384
source_3,J12455b,384
source_3,J12440c,384
source_3,J12455c,384
source_3,J12459b,384
source_3,J12459c,384
source_3,JCPQC019,384
source_3,DMSOC22,384
source_3,BAY5867a,384
source_3,BR5876b3,384
source_3,BR5876c3,384
source_3,DMSOCP38,384
source_3,DMSOCP39,384
source_3,JCPQC016,384
source_3,JCPQC021,384
source_3,DMSOC25,384
source_3,DMSOC27,384
source_3,SP01P04b,384
source_3,SP01P04c,384
source_3,SP05P08b,384
source_3,SP05P08d,384
source_3,SP20P23a,384
source_3,SP16P19b,384
source_3,SP20P23c,384
source_3,SP24P27a,384
source_3,DMSOC28,384
source_3,DMSOC30,384
source_3,JCPQC025,384
source_3,SP09P12b,384
source_3,SP09P12d,384
source_3,SP13P16c,384
source_3,SP13P16d,384
source_3,SP28P31b,384
source_3,SP28P31d,384
source_3,SP32P35b,384
source_3,SP32P35d,384
source_3,SP36P38b,384
source_3,SP36P38d,384
source_3,B040103b,384
source_3,B040203a,384
source_3,B040203b,384
source_3,B040203c,384
source_3,B040303b,384
source_3,B040303d,384
source_3,B040603c,384
source_3,B040603d,384
source_3,B040903d,384
source_3,B040903c,384
source_3,DMSOC34,384
source_3,JCPQC028,384
source_3,JCPQC029,384
source_3,B40003cW,384
source_3,B40403cW,384
source_3,B40403bW,384
source_3,B40403dW,384
source_3,B40503aW,384
source_3,B40703bW,384
source_3,B40703cW,384
source_3,B40803aW,384
source_3,B40803cW,384
source_3,DMSOC37,384
source_3,DMSOC39,384
source_3,A12069aW,384
source_3,A12069bW,384
source_3,A12079aW,384
source_3,A12079bW,384
source_3,A12079cW,384
source_3,A12083aW,384
source_3,A13407aW,384
source_3,A12083cW,384
source_3,A13407dW,384
source_3,A13415bW,384
source_3,JCPQC032,384
source_3,DMSOC43,384
source_3,A13495dW,384
source_3,P16P19cW,384
source_3,JCPQC017,384
source_3,DMSOC21,384
source_3,DMSOC20,384
source_3,J12424d,384
source_3,J12428a,384
source_3,J12428d,384
source_4,BR00125162,384
source_4,BR00125165,384
source_4,BR00125167,384
source_4,BR00125168,384
source_4,BR00125170,384
source_4,BR00125626,384
source_4,BR00125630,384
source_4,BR00125629,384
source_4,BR00125633,384
source_4,BR00125635,384
source_4,BR00125637,384
source_4,BR00121427,384
source_4,BR00124791,384
source_4,BR00126044,384
source_4,BR00126046,384
source_4,BR00126048,384
source_4,BR00126050,384
source_4,BR00126058,384
source_4,BR00126056,384
source_4,BR00124793,384
source_4,BR00126061,384
source_4,BR00126385,381
source_4,BR00126386,384
source_4,BR00126390,384
source_4,BR00126392,384
source_4,BR00126391,384
source_4,BR00126395,384
source_4,BR00126397,384
source_4,BR00123946,384
source_4,BR00123947,384
source_4,BR00123949,384
source_4,BR00123951,384
source_4,BR00123955,384
source_4,BR00123953,384
source_4,BR00123957,384
source_4,BR00123959,384
source_4,BR00123962,384
source_4,BR00123963,384
source_4,BR00123965,384
source_4,BR00121429,384
source_4,BR00124761,384
source_4,BR00124766,384
source_4,BR00124770,384
source_4,BR00124775,384
source_4,BR00125625,384
source_4,BR00125628,384
source_4,BR00125627,384
source_4,BR00125631,384
source_4,BR00125634,384
source_4,BR00125636,384
source_4,BR00125638,384
source_4,BR00124790,384
source_4,BR00126043,384
source_4,BR00126045,384
source_4,BR00126047,384
source_4,BR00126049,384
source_4,BR00126051,384
source_4,BR00126052,384
source_4,BR00126055,384
source_4,BR00127147,384
source_4,BR00127149,384
source_4,BR00124771,384
source_4,BR00124772,384
source_4,BR00126396,384
source_4,BR00125173,384
source_4,BR00125175,384
source_4,BR00125177,384
source_4,BR00125179,384
source_4,BR00123523,384
source_4,BR00123524,384
source_4,BR00125181,384
source_4,BR00124788,384
source_4,BR00125620,384
source_4,BR00125621,384
source_4,BR00125623,384
source_4,BR00126054,384
source_4,BR00126057,384
source_4,BR00126060,384
source_4,BR00126059,384
source_4,BR00124794,384
source_4,BR00121423,384
source_4,BR00126387,384
source_4,BR00126388,384
source_4,BR00126389,384
source_4,BR00126393,384
source_4,BR00126394,384
source_4,BR00126398,384
source_4,BR00126399,384
source_4,BR00126403,384
source_4,BR00121426,384
source_4,BR00126521,384
source_4,BR00126534,384
source_4,BR00126537,384
source_4,BR00126540,384
source_4,BR00126541,384
source_4,BR00126545,384
source_4,BR00126546,384
source_4,BR00126548,384
source_4,BR00126550,384
source_4,BR00126552,384
source_4,BR00126113,384
source_4,BR00126115,384
source_4,BR00126117,384
source_4,BR00126707,384
source_4,BR00126709,384
source_4,BR00127145,384
source_4,BR00126710,384
source_4,BR00117035,384
source_4,BR00117037,384
source_4,BR00117039,384
source_4,BR00117040,384
source_4,BR00121439,384
source_4,BR00121539,384
source_4,BR00121540,384
source_4,BR00121557,384
source_4,BR00121558,384
source_4,BR00121561,384
source_4,BR00121564,384
source_4,BR00121565,384
source_4,BR00121436,384
source_4,BR00123507,384
source_4,BR00123613,384
source_4,BR00123615,384
source_4,BR00123618,384
source_4,BR00123617,384
source_4,BR00123621,384
source_4,BR00123622,384
source_4,BR00123625,384
source_4,BR00123627,384
source_4,BR00123628,384
source_4,BR00121425,384
source_4,BR00123509,384
source_4,BR00123514,384
source_4,BR00123513,384
source_4,BR00123518,384
source_4,BR00124787,384
source_4,BR00125622,384
source_4,BR00125619,383
source_4,BR00126400,384
source_4,BR00126401,384
source_4,BR00126402,384
source_4,BR00126520,384
source_4,BR00126535,384
source_4,BR00126536,384
source_4,BR00126539,384
source_4,BR00126542,384
source_4,BR00126544,384
source_4,BR00126547,384
source_4,BR00126549,384
source_4,BR00126551,384
source_4,BR00126553,384
source_4,BR00126114,384
source_4,BR00126116,384
source_4,BR00126706,384
source_4,BR00126708,384
source_4,BR00126711,384
source_4,BR00126712,384
source_4,BR00126715,384
source_4,BR00126718,384
source_4,BR00126717,384
source_4,BR00123536,384
source_4,BR00123537,384
source_4,BR00123539,384
source_4,BR00124782,384
source_4,BR00126404,384
source_4,BR00117036,384
source_4,BR00117038,384
source_4,BR00121438,384
source_4,BR00117041,384
source_4,BR00121538,384
source_4,BR00121537,384
source_4,BR00121541,384
source_4,BR00121559,384
source_4,BR00121560,384
source_4,BR00121562,384
source_4,BR00121563,384
source_4,BR00121566,384
source_4,BR00123532,384
source_4,BR00123614,384
source_4,BR00123616,384
source_4,BR00123619,384
source_4,BR00123620,384
source_4,BR00123623,384
source_4,BR00123624,384
source_4,BR00123626,384
source_4,BR00123629,384
source_4,BR00123630,384
source_4,BR00123510,384
source_4,BR00123511,384
source_4,BR00123512,384
source_4,BR00123515,384
source_4,BR00126538,384
source_4,BR00123506,384
source_4,BR00123517,384
source_4,BR00123519,384
source_4,BR00123520,384
source_4,BR00123785,384
source_4,BR00123787,384
source_4,BR00123789,384
source_4,BR00123791,384
source_4,BR00121437,384
source_4,BR00121545,384
source_4,BR00121546,384
source_4,BR00121550,384
source_4,BR00121551,384
source_4,BR00121554,384
source_4,BR00121555,384
source_4,BR00121556,384
source_4,BR00123527,384
source_4,BR00123529,384
source_4,BR00123530,384
source_4,BR00125624,384
source_4,BR00123516,384
source_4,BR00123522,384
source_4,BR00123786,384
source_4,BR00123788,384
source_4,BR00123790,384
source_4,BR00121543,384
source_4,BR00121544,384
source_4,BR00121547,384
source_4,BR00121548,384
source_4,BR00121549,384
source_4,BR00121552,384
source_4,BR00121553,384
source_4,BR00123525,384
source_4,BR00123526,384
source_4,BR00123528A,384
source_4,BR00123528B,384
source_4,BR00123531,384
source_4,BR00121430,384
source_4,BR00123948,384
source_4,BR00123950,384
source_4,BR00123952,384
source_4,BR00123954,384
source_4,BR00123956,384
source_4,BR00123958,384
source_4,BR00123961,384
source_4,BR00123960,384
source_4,BR00123964,384
source_4,BR00123966,384
source_4,BR00123945,384
source_4,BR00124767,384
source_4,BR00124768,384
source_4,BR00124773,384
source_4,BR00124774,384
source_4,BR00124779,384
source_4,BR00121424,384
source_4,BR00124784,384
source_4,BR00125163,384
source_4,BR00125164,384
source_4,BR00125166,384
source_4,BR00125169,384
source_4,BR00125171,384
source_4,BR00125172,384
source_4,BR00125174,384
source_4,BR00125176,384
source_4,BR00125178,384
source_4,BR00121428,384
source_4,BR00125180,384
source_4,BR00126053,384
source_4,BR00126714,384
source_4,BR00126716,384
source_4,BR00123533,381
source_4,BR00123534,384
source_4,BR00123535,384
source_4,BR00123538,384
source_4,BR00124781,384
source_4,BR00126062,384
source_4,BR00126543,384
source_4,BR00127146,384
source_4,BR00127148,384
source_4,BR00123521,384
source_4,BR00124769,384
source_4,BR00124776,384
source_4,BR00124777,384
source_4,BR00124778,384
source_4,BR00124785,384
source_5,APTJUM611,384
source_5,ADMJUM028,384
source_5,AETJUM103,384
source_5,AETJUM105,384
source_5,AETJUM108,384
source_5,ACPJUM161,384
source_5,AETJUM110,384
source_5,AETJUM112,384
source_5,AETJUM114,384
source_5,AETJUM115,384
source_5,ACPJUM162,384
source_5,ADMJUM030,384
source_5,AETJUM123,384
source_5,AETJUM122,384
source_5,AETJUM125,384
source_5,AEOJUM902,384
source_5,AETJUM332,384
source_5,ACPJUM072,384
source_5,ATSJUM206,384
source_5,ADMJUM014,384
source_5,ATSJUM210,384
source_5,ATSJUM209,384
source_5,ACPJUM081,384
source_5,ATSJUM213,384
source_5,ATSJUM215,384
source_5,ATSJUM217,384
source_5,ATSJUM220,384
source_5,ADMJUM016,384
source_5,ATSJUM222,384
source_5,ATSJUM223,384
source_5,ACPJUM091,384
source_5,ATSJUM227,384
source_5,APTJUM301,384
source_5,APTJUM303,384
source_5,ATSJUM229,384
source_5,ATSJUM232,384
source_5,APTJUM304,384
source_5,ADMJUM018,384
source_5,AETJUM101,384
source_5,APTJUM326,384
source_5,ACPJUM102,384
source_5,AEOJUM201,384
source_5,AEOJUM203,384
source_5,APCJUM006,384
source_5,ACPJUM111,384
source_5,AEOJUM303,384
source_5,AEOJUM304,384
source_5,AEOJUM306,384
source_5,ADMJUM022,384
source_5,ACPJUM112,384
source_5,AEOJUM402,384
source_5,AEOJUM403,384
source_5,AEOJUM406,384
source_5,ACPJUM121,384
source_5,AEOJUM703,384
source_5,ATSJUM502,384
source_5,APTJUM513,384
source_5,ADMJUM035,384
source_5,AEOJUM907,384
source_5,AETJUM224,384
source_5,ATSJUM419,384
source_5,ACPJUM192,384
source_5,AEOJUM504,384
source_5,AEOJUM505,384
source_5,ADMJUM026,384
source_5,APTJUM419,384
source_5,ADMJUM126,384
source_5,ATSJUM401,384
source_5,ACPJUM142,384
source_5,APTJUM415,384
source_5,APTJUM422,384
source_5,APTJUM501,384
source_5,APTJUM527,384
source_5,AETJUM102,384
source_5,AETJUM104,384
source_5,AETJUM106,384
source_5,AETJUM107,384
source_5,AETJUM109,384
source_5,ADMJUM029,384
source_5,AETJUM113,384
source_5,AETJUM111,384
source_5,AETJUM117,384
source_5,AETJUM116,384
source_5,AETJUM118,384
source_5,AEOJUM807,384
source_5,AEOJUM906,384
source_5,APTJUM523,384
source_5,ATSJUM418,384
source_5,ADMJUM036,384
source_5,AETJUM229,384
source_5,ATSJUM130,384
source_5,ATSJUM201,384
source_5,ATSJUM202,384
source_5,ATSJUM203,384
source_5,AEOJUM806,384
source_5,AETJUM228,384
source_5,AETJUM226,384
source_5,ACPJUM182,384
source_5,ADMJUM034,384
source_5,AEOJUM605,384
source_5,AEOJUM706,384
source_5,APTJUM133,384
source_5,ATTJUM203,384
source_5,ATTJUM206,384
source_5,ACPJUM032,384
source_5,APTJUM210,384
source_5,APTJUM208,384
source_5,APTJUM213,384
source_5,APTJUM216,384
source_5,APTJUM217,384
source_5,APTJUM219,384
source_5,APTJUM221,384
source_5,APTJUM229,384
source_5,APTJUM231,384
source_5,ADMJUM009,384
source_5,ATSJUM103,384
source_5,APTJUM233,384
source_5,ATSJUM106,384
source_5,ADMJUM010,384
source_5,ATSJUM108,384
source_5,ATSJUM110,384
source_5,ATSJUM112,384
source_5,ATSJUM114,384
source_5,ADMJUM011,384
source_5,ATSJUM116,384
source_5,ATSJUM118,384
source_5,ATSJUM204,384
source_5,ATSJUM207,384
source_5,APCJUM002,384
source_5,ATSJUM208,384
source_5,ATSJUM211,384
source_5,ATSJUM212,384
source_5,ADMJUM015,384
source_5,ATSJUM214,384
source_5,ATSJUM216,384
source_5,ACPJUM082,384
source_5,APCJUM003,384
source_5,ATSJUM221,384
source_5,ATSJUM224,384
source_5,ATSJUM225,384
source_5,ATSJUM226,384
source_5,ADMJUM017,384
source_5,APTJUM302,384
source_5,ATSJUM228,384
source_5,ATSJUM230,384
source_5,ATSJUM231,384
source_5,APTJUM325,384
source_5,APTJUM324,384
source_5,APCJUM004,384
source_5,APTJUM327,384
source_5,AEOJUM202,384
source_5,ADMJUM020,384
source_5,AEOJUM204,384
source_5,AEOJUM205,384
source_5,AEOJUM301,384
source_5,ADMJUM021,384
source_5,AEOJUM305,384
source_5,AEOJUM307,384
source_5,APCJUM007,384
source_5,AEOJUM401,384
source_5,AEOJUM404,384
source_5,AEOJUM405,384
source_5,AEOJUM407,384
source_5,APCJUM008,384
source_5,AEOJUM501,384
source_5,AEOJUM502,384
source_5,APCJUM009,384
source_5,ACPJUM141,384
source_5,APTJUM511,384
source_5,AEOJUM701,384
source_5,ATSJUM405,384
source_5,ACPJUM151,384
source_5,APTJUM409,384
source_5,ADMJUM027,384
source_5,APTJUM430,384
source_5,ADMJUM001,384
source_5,APTJUM105,384
source_5,ACPJUM012,384
source_5,APTJUM108,384
source_5,ATSJUM120,384
source_5,ATSJUM121,384
source_5,ADMJUM012,384
source_5,ATSJUM123,384
source_5,ATSJUM125,384
source_5,ATSJUM126,384
source_5,ATSJUM129,384
source_5,ADMJUM013,384
source_5,ATSJUM132,384
source_5,AEOJUM707,384
source_5,ACPJUM191,384
source_5,APTJUM106,384
source_5,APTJUM114,384
source_5,APTJUM116,384
source_5,ADMJUM003,384
source_5,APTJUM117,384
source_5,APTJUM121,384
source_5,APTJUM124,384
source_5,AEOJUM702,384
source_5,AETJUM427,384
source_5,APTJUM107,384
source_5,AETJUM119,384
source_5,AETJUM120,384
source_5,AETJUM121,384
source_5,ACPJUM181,384
source_5,ADMJUM033,384
source_5,AETJUM230,384
source_5,AETJUM231,384
source_5,AEOJUM604,384
source_5,APTJUM110,384
source_5,APTJUM129,384
source_5,ATSJUM117,384
source_5,ATSJUM205,384
source_5,APTJUM109,384
source_5,APTJUM112,384
source_5,APTJUM115,384
source_5,APTJUM120,384
source_5,APTJUM118,384
source_5,APTJUM122,384
source_5,APTJUM123,384
source_5,ADMJUM004,384
source_5,APTJUM126,384
source_5,ADMJUM023,384
source_5,APTJUM125,384
source_5,APTJUM128,384
source_5,ADMJUM005,384
source_5,APTJUM131,384
source_5,ATSJUM131,384
source_5,AEOJUM803,384
source_5,APTJUM132,384
source_5,ATTJUM204,384
source_5,ATTJUM202,384
source_5,ATTJUM205,384
source_5,ATTJUM207,384
source_5,ADMJUM006,384
source_5,APTJUM212,384
source_5,ADMJUM007,384
source_5,APTJUM214,384
source_5,APTJUM218,384
source_5,APTJUM220,384
source_5,ADMJUM008,384
source_5,APTJUM228,384
source_5,APTJUM230,384
source_5,ACPJUM051,384
source_5,APTJUM232,384
source_5,ATSJUM104,384
source_5,ACPJUM052,384
source_5,ATSJUM107,384
source_5,ATSJUM109,384
source_5,ATSJUM111,384
source_5,ATSJUM113,384
source_5,ACPJUM061,384
source_5,ATSJUM115,384
source_5,ATSJUM119,384
source_5,ATSJUM122,384
source_5,ACPJUM062,384
source_5,APCJUM001,384
source_5,ATSJUM124,384
source_5,ATSJUM127,384
source_5,ATSJUM128,384
source_5,ACPJUM071,384
source_6,110000296319,384
source_6,110000296323,384
source_6,110000296325,384
source_6,110000296327,384
source_6,110000296329,384
source_6,110000296330,384
source_6,110000296332,384
source_6,110000296361,384
source_6,110000296368,384
source_6,110000296370,384
source_6,110000296371,384
source_6,110000296375,384
source_6,110000296376,384
source_6,110000296378,384
source_6,110000296381,384
source_6,110000296383,384
source_6,110000296387,384
source_6,110000296386,384
source_6,110000295559,384
source_6,110000295562,384
source_6,110000296167,384
source_6,110000296168,384
source_6,110000296172,384
source_6,110000296173,384
source_6,110000296175,384
source_6,110000295564,384
source_6,110000295566,384
source_6,110000295569,384
source_6,110000295568,384
source_6,110000295572,384
source_6,110000295573,384
source_6,110000295577,384
source_6,110000296289,384
source_6,110000296288,384
source_6,110000296298,384
source_6,110000295601,384
source_6,110000295602,384
source_6,110000295603,384
source_6,110000295606,384
source_6,110000295609,384
source_6,110000295610,384
source_6,110000295612,384
source_6,110000295615,384
source_6,110000295617,384
source_6,110000295619,384
source_6,110000295620,384
source_6,110000295625,384
source_6,110000295624,384
source_6,110000295629,384
source_6,110000295504,384
source_6,110000295506,384
source_6,110000295508,384
source_6,110000295510,384
source_6,110000295539,384
source_6,110000295543,384
source_6,110000295545,384
source_6,110000295491,384
source_6,110000295493,384
source_6,110000295495,384
source_6,110000295497,384
source_6,110000295514,384
source_6,110000296161,384
source_6,110000296163,384
source_6,110000296162,384
source_6,110000296177,384
source_6,110000297107,384
source_6,110000297112,384
source_6,110000297114,384
source_6,110000297116,384
source_6,110000297122,384
source_6,110000297123,384
source_6,110000297125,384
source_6,110000297128,384
source_6,110000297130,384
source_6,110000297132,384
source_6,110000297134,384
source_6,110000293081,384
source_6,110000293084,384
source_6,110000293086,384
source_6,110000293085,384
source_6,110000293091,384
source_6,110000293093,384
source_6,110000293095,384
source_6,110000293096,384
source_6,110000293236,384
source_6,110000294899,384
source_6,110000294901,384
source_6,110000294903,384
source_6,110000294906,384
source_6,110000294881,384
source_6,110000294882,384
source_6,110000294884,384
source_6,110000294885,384
source_6,110000294887,384
source_6,110000294890,384
source_6,110000294892,384
source_6,110000294936,384
source_6,110000296682,384
source_6,110000296684,384
source_6,110000296686,384
source_6,110000296687,384
source_6,110000296690,384
source_6,110000296337,384
source_6,110000296340,384
source_6,110000296342,384
source_6,110000296344,384
source_6,110000296346,384
source_6,110000296350,384
source_6,110000296352,384
source_6,110000296353,384
source_6,110000296356,384
source_6,110000296358,384
source_6,110000296301,384
source_6,110000296304,384
source_6,110000296306,384
source_6,110000296303,384
source_6,110000296309,384
source_6,110000296311,384
source_6,110000296322,384
source_6,110000296324,384
source_6,110000296326,384
source_6,110000296328,384
source_6,110000296331,384
source_6,110000296333,384
source_6,110000296367,384
source_6,110000296369,384
source_6,110000296372,384
source_6,110000296373,384
source_6,110000296366,384
source_6,110000296377,384
source_6,110000296380,384
source_6,110000296382,384
source_6,110000296384,384
source_6,110000296385,384
source_6,110000296389,384
source_6,110000295561,384
source_6,110000295563,384
source_6,110000295565,384
source_6,110000295567,384
source_6,110000295570,384
source_6,110000295571,384
source_6,110000295576,384
source_6,110000295578,384
source_6,110000296294,384
source_6,110000296295,384
source_6,110000296296,384
source_6,110000295599,384
source_6,110000295604,384
source_6,110000295605,384
source_6,110000295607,384
source_6,110000295608,384
source_6,110000295611,384
source_6,110000295613,384
source_6,110000295616,384
source_6,110000295618,384
source_6,110000295621,384
source_6,110000295622,384
source_6,110000295626,384
source_6,110000295627,384
source_6,110000295503,384
source_6,110000296379,384
source_6,110000295575,384
source_6,110000295505,384
source_6,110000295507,384
source_6,110000295509,384
source_6,110000295511,384
source_6,110000295541,384
source_6,110000295542,384
source_6,110000295544,384
source_6,110000295492,384
source_6,110000295494,384
source_6,110000295496,384
source_6,110000295498,384
source_6,110000296159,384
source_6,110000295516,384
source_6,110000296164,384
source_6,110000296166,384
source_6,110000296169,384
source_6,110000296171,384
source_6,110000296170,384
source_6,110000296176,384
source_6,110000296178,384
source_6,110000297100,384
source_6,110000297101,384
source_6,110000297106,384
source_6,110000297110,384
source_6,110000297111,384
source_6,110000297113,384
source_6,110000297115,384
source_6,110000297118,384
source_6,110000297120,384
source_6,110000297124,384
source_6,110000297126,384
source_6,110000297127,384
source_6,110000297131,384
source_6,110000297133,384
source_6,110000293082,384
source_6,110000293083,384
source_6,110000293087,384
source_6,110000293088,384
source_6,110000293089,384
source_6,110000293094,384
source_6,110000293097,384
source_6,110000293098,384
source_6,110000293237,384
source_6,110000293238,384
source_6,110000294902,384
source_6,110000294904,384
source_6,110000294907,384
source_6,110000297099,384
source_6,110000297102,384
source_6,110000297103,384
source_6,110000297105,384
source_6,110000297108,384
source_6,110000297109,384
source_6,110000294905,384
source_6,110000296165,384
source_6,110000294909,384
source_6,110000294908,384
source_6,110000294883,384
source_6,110000294886,384
source_6,110000294889,384
source_6,110000294888,384
source_6,110000294891,384
source_6,110000294893,384
source_6,110000294938,384
source_6,110000296683,384
source_6,110000296685,384
source_6,110000296688,384
source_6,110000296689,384
source_6,110000296691,384
source_6,110000296339,384
source_6,110000296341,384
source_6,110000296343,384
source_6,110000296345,384
source_6,110000296347,384
source_6,110000296351,384
source_6,110000296355,384
source_6,110000296354,384
source_6,110000296299,384
source_6,110000296300,384
source_6,110000296302,384
source_6,110000296305,384
source_6,110000296307,384
source_6,110000296308,384
source_6,110000296310,384
source_7,CP3-SC1-07,384
source_7,CP3-SC1-09,384
source_7,CP3-SC1-10,384
source_7,CP3-SC1-12,384
source_7,CP4-SC1-13,384
source_7,CP3-SC1-15,384
source_7,CP3-SC1-18,384
source_7,CP3-SC1-14,384
source_7,CP4-SC1-21,384
source_7,CP6-SC1-03,384
source_7,CP6-SC1-04,384
source_7,CP5-SC1-04,384
source_7,CP5-SC1-03,384
source_7,CP5-SC1-07,384
source_7,CP5-SC1-09,384
source_7,CP5-SC1-12,384
source_7,CP5-SC1-13,384
source_7,CP5-SC1-15,384
source_7,CP5-SC1-17,384
source_7,CP5-SC1-19,384
source_7,CP5-SC1-21,384
source_7,CP5-SC1-23,384
source_7,CP5-SC1-25,384
source_7,CP1-SC2-25,384
source_7,CP7-SC1-02,384
source_7,CP3-SC2-24M,384
source_7,CP6-SC1-18,384
source_7,CP3-SC1-21,384
source_7,CP3-SC1-24,384
source_7,CP3-SC1-23,384
source_7,CP6-SC1-02,384
source_7,CP4-SC1-05,384
source_7,CP4-SC1-08,384
source_7,CP4-SC1-10,384
source_7,CP4-SC1-12,384
source_7,CP4-SC1-19,384
source_7,CP4-SC1-16,384
source_7,CP4-SC1-23,384
source_7,CP7-SC1-01,384
source_7,CP6-SC1-01,384
source_7,CP8-SC1-02,384
source_7,CP3-SC2-25M,384
source_7,CP7-SC1-03,384
source_7,CP1-SC1-01,384
source_7,CP1-SC1-05,384
source_7,CP1-SC1-08,384
source_7,CP1-SC1-09,384
source_7,CP1-SC1-11,384
source_7,CP1-SC1-12,384
source_7,CP1-SC1-15,384
source_7,CP1-SC1-04,384
source_7,CP1-SC1-06,384
source_7,CP1-SC1-07,384
source_7,CP1-SC1-10,384
source_7,CP1-SC1-13,384
source_7,CP1-SC1-16,384
source_7,CP1-SC1-18,384
source_7,CP1-SC1-19,384
source_7,CP1-SC1-21,384
source_7,CP1-SC1-24,384
source_7,CP2-SC1-01,384
source_7,CP2-SC1-03,384
source_7,CP2-SC1-04,384
source_7,CP2-SC1-07,384
source_7,CP2-SC1-09,384
source_7,CP2-SC1-12,384
source_7,CP2-SC1-14,384
source_7,CP2-SC1-15,384
source_7,CP2-SC1-17,384
source_7,CP2-SC1-19,384
source_7,CP2-SC1-20,384
source_7,CP2-SC1-23,384
source_7,CP2-SC1-25,384
source_7,CP3-SC1-02,384
source_7,CP3-SC1-05,384
source_7,CP3-SC1-06,384
source_7,CP3-SC1-08,384
source_7,CP3-SC1-11,384
source_7,CP3-SC1-13,384
source_7,CP3-SC1-16,384
source_7,CP3-SC1-17,384
source_7,CP3-SC1-20,384
source_7,CP3-SC1-25,384
source_7,CP3-SC1-22,384
source_7,CP4-SC1-06,384
source_7,CP4-SC1-07,384
source_7,CP4-SC1-09,384
source_7,CP4-SC1-11,384
source_7,CP4-SC1-14,384
source_7,CP4-SC1-15,384
source_7,CP4-SC1-17,384
source_7,CP4-SC1-20,384
source_7,CP4-SC1-22,384
source_7,CP4-SC1-24,384
source_7,CP4-SC1-25,384
source_7,CP5-SC1-01,384
source_7,CP5-SC1-05,384
source_7,CP5-SC1-06,384
source_7,CP5-SC1-08,384
source_7,CP5-SC1-10,384
source_7,CP5-SC1-11,384
source_7,CP5-SC1-14,384
source_7,CP5-SC1-16,384
source_7,CP5-SC1-18,384
source_7,CP5-SC1-20,384
source_7,CP5-SC1-22,384
source_7,CP5-SC1-24,384
source_7,CP1-SC1-14,384
source_7,CP1-SC1-17,384
source_7,CP1-SC1-20,384
source_7,CP1-SC1-22,384
source_7,CP1-SC1-23,384
source_7,CP1-SC1-25,384
source_7,CP2-SC1-02,384
source_7,CP2-SC1-05,384
source_7,CP2-SC1-06,384
source_7,CP2-SC1-08,384
source_7,CP2-SC1-10,384
source_7,CP2-SC1-11,384
source_7,CP2-SC1-13,384
source_7,CP2-SC1-16,384
source_7,CP2-SC1-18,384
source_7,CP2-SC1-21,384
source_7,CP2-SC1-22,384
source_7,CP2-SC1-24,384
source_7,CP3-SC1-03,384
source_7,CP3-SC1-04,384
source_7,CP3-SC1-19,384
source_8,A1170413,384
source_8,A1170419,384
source_8,A1170418,384
source_8,A1170421,384
source_8,A1170423,384
source_8,A1170426,384
source_8,A1170428,384
source_8,A1170430,384
source_8,A1170431,384
source_8,A1170434,384
source_8,A1170437,384
source_8,A1170440,384
source_8,A1170441,384
source_8,A1170444,384
source_8,A1170477,384
source_8,A1170479,384
source_8,A1170480,384
source_8,A1170481,384
source_8,A1170484,384
source_8,A1170487,384
source_8,A1170488,384
source_8,A1170490,384
source_8,A1170492,384
source_8,A1166127,384
source_8,A1166129,384
source_8,A1170494,384
source_8,A1170496,384
source_8,A1170498,384
source_8,A1170502,384
source_8,A1170504,384
source_8,A1170509,384
source_8,A1170510,384
source_8,A1170515,384
source_8,A1170445,384
source_8,A1170447,384
source_8,A1170449,384
source_8,A1170451,384
source_8,A1170453,384
source_8,A1170455,384
source_8,A1170458,384
source_8,A1166152,384
source_8,A1170446,384
source_8,A1170448,384
source_8,A1170450,384
source_8,A1170452,384
source_8,A1170454,384
source_8,A1170456,384
source_8,A1170457,384
source_8,A1170460,384
source_8,A1170464,384
source_8,A1170463,384
source_8,A1170466,384
source_8,A1170468,384
source_8,A1170470,384
source_8,A1170474,384
source_8,A1170508,384
source_8,A1170511,384
source_8,A1170512,384
source_8,A1170513,384
source_8,A1170516,384
source_8,A1170519,384
source_8,A1170520,384
source_8,A1170522,384
source_8,A1170525,384
source_8,A1170526,384
source_8,A1170528,384
source_8,A1170529,384
source_8,A1170532,384
source_8,A1170534,384
source_8,A1170536,384
source_8,A1170539,384
source_8,A1170540,384
source_8,A1170542,384
source_8,A1170544,384
source_8,A1166131,384
source_8,A1166133,384
source_8,A1166135,384
source_8,A1166137,384
source_8,A1166138,384
source_8,A1166141,384
source_8,A1166143,384
source_8,A1166146,384
source_8,A1166148,384
source_8,A1166149,384
source_8,A1166173,384
source_8,A1170462,384
source_8,A1170461,384
source_8,A1170465,384
source_8,A1170467,384
source_8,A1170469,384
source_8,A1170471,384
source_8,A1170475,384
source_8,A1170473,384
source_8,A1170478,384
source_8,A1170476,384
source_8,A1170482,384
source_8,A1170483,384
source_8,A1170485,384
source_8,A1170486,384
source_8,A1170489,384
source_8,A1170491,384
source_8,A1166126,384
source_8,A1166128,384
source_8,A1170493,384
source_8,A1170495,384
source_8,A1170497,384
source_8,A1170500,384
source_8,A1170501,384
source_8,A1170503,384
source_8,A1170505,384
source_8,A1170506,384
source_8,A1166153,384
source_8,A1166156,384
source_8,A1166157,384
source_8,A1166159,384
source_8,A1166161,384
source_8,A1166163,384
source_8,A1166166,384
source_8,A1166165,384
source_8,A1166170,384
source_8,A1166172,384
source_8,A1166176,384
source_8,A1166180,384
source_8,A1166179,384
source_8,A1170507,384
source_8,A1166154,384
source_8,A1166155,384
source_8,A1166158,384
source_8,A1166160,384
source_8,A1166162,384
source_8,A1166164,384
source_8,A1170386,384
source_8,A1170514,384
source_8,A1170518,384
source_8,A1170517,384
source_8,A1170521,384
source_8,A1170523,384
source_8,A1170524,384
source_8,A1170527,384
source_8,A1170530,384
source_8,A1170531,384
source_8,A1170533,384
source_8,A1170535,384
source_8,A1170537,384
source_8,A1170538,384
source_8,A1170541,384
source_8,A1170543,384
source_8,A1166130,384
source_8,A1166132,384
source_8,A1166134,384
source_8,A1166136,384
source_8,A1166139,384
source_8,A1166140,384
source_8,A1166142,384
source_8,A1166144,384
source_8,A1166145,384
source_8,A1166147,384
source_8,A1166150,384
source_8,A1166151,384
source_8,A1170383,384
source_8,A1170385,384
source_8,A1170389,384
source_8,A1170390,384
source_8,A1170393,384
source_8,A1170394,384
source_8,A1170395,384
source_8,A1170398,384
source_8,A1170400,384
source_8,A1170402,384
source_8,A1170404,384
source_8,A1170406,384
source_8,A1170408,384
source_8,A1170410,384
source_8,A1170412,384
source_8,A1170415,384
source_8,A1170416,384
source_8,A1170417,384
source_8,A1170420,384
source_8,A1170422,384
source_8,A1170424,384
source_8,A1170425,384
source_8,A1170427,384
source_8,A1170429,384
source_8,A1170432,384
source_8,A1170433,384
source_8,A1170438,384
source_8,A1170439,384
source_8,A1170443,384
source_8,A1170442,384
source_8,A1170472,384
source_8,A1170499,384
source_8,A1170384,384
source_8,A1170387,384
source_8,A1170388,384
source_8,A1170391,384
source_8,A1170459,384
source_8,A1166167,384
source_8,A1166168,384
source_8,A1166169,384
source_8,A1166171,384
source_8,A1166174,384
source_8,A1166175,384
source_8,A1166177,384
source_8,A1166178,384
source_8,A1166181,384
source_8,A1170392,384
source_8,A1170396,384
source_8,A1170397,384
source_8,A1170399,384
source_8,A1170401,384
source_8,A1170403,384
source_8,A1170405,384
source_8,A1170407,384
source_8,A1170409,384
source_8,A1170411,384
source_8,A1170414,384
source_9,GR00004373,1536
source_9,GR00004374,1536
source_9,GR00004378,1536
source_9,GR00004379,1536
source_9,GR00004383,1536
source_9,GR00004385,1536
source_9,GR00003280,1536
source_9,GR00003281,1536
source_9,GR00003284,1536
source_9,GR00003286,1536
source_9,GR00003288,1536
source_9,GR00003290,1536
source_9,GR00004393,1536
source_9,GR00004392,1536
source_9,GR00004397,1536
source_9,GR00003315,1536
source_9,GR00003342,1536
source_9,GR00003341,1536
source_9,GR00003344,1536
source_9,GR00003298,1536
source_9,GR00003301,1536
source_9,GR00003302,1536
source_9,GR00003384,1536
source_9,GR00003382,1536
source_9,GR00003387,1536
source_9,GR00003390,1536
source_9,GR00003394,1536
source_9,GR00003393,1536
source_9,GR00003412,1536
source_9,GR00003413,1536
source_9,GR00003331,1536
source_9,GR00003381,1536
source_9,GR00004398,1536
source_9,GR00003383,1536
source_9,GR00003386,1536
source_9,GR00003391,1536
source_9,GR00003392,1536
source_9,GR00003395,1536
source_9,GR00003396,1536
source_9,GR00003330,1536
source_9,GR00003332,1536
source_9,GR00003334,1536
source_9,GR00003336,1536
source_9,GR00003338,1536
source_9,GR00004418,1536
source_9,GR00004421,1536
source_9,GR00004382,1536
source_9,GR00004384,1536
source_9,GR00003279,1536
source_9,GR00003282,1536
source_9,GR00003283,1536
source_9,GR00003285,1536
source_9,GR00003287,1536
source_9,GR00003289,1536
source_9,GR00004389,1536
source_9,GR00004391,1536
source_9,GR00004394,1536
source_9,GR00004396,1536
source_9,GR00004395,1536
source_9,GR00004400,1536
source_9,GR00004406,1536
source_9,GR00004407,1536
source_9,GR00004409,1536
source_9,GR00004411,1536
source_9,GR00004414,1536
source_9,GR00004415,1536
source_9,GR00004417,1536
source_9,GR00003314,1536
source_9,GR00003333,1536
source_9,GR00003335,1536
source_9,GR00003337,1536
source_9,GR00003313,1536
source_9,GR00003339,1536
source_9,GR00003343,1536
source_9,GR00003340,1536
source_9,GR00003297,1536
source_9,GR00003296,1536
source_9,GR00003299,1536
source_9,GR00003300,1536
source_9,GR00003303,1536
source_9,GR00003306,1536
source_9,GR00003309,1536
source_9,GR00003311,1536
source_9,GR00004367,1536
source_9,GR00003318,1536
source_9,GR00004369,1536
source_9,GR00004370,1536
source_9,GR00003307,1536
source_9,GR00003308,1536
source_9,GR00003310,1536
source_9,GR00003316,1536
source_9,GR00003317,1536
source_9,GR00004399,1536
source_9,GR00004401,1536
source_9,GR00004405,1536
source_9,GR00004408,1536
source_9,GR00004410,1536
source_9,GR00004412,1536
source_9,GR00004413,1536
source_9,GR00004416,1536
source_9,GR00004419,1536
source_9,GR00004420,1536
source_9,GR00004368,1536
source_9,GR00004371,1536
source_9,GR00004372,1536
source_9,GR00004377,1536
source_9,GR00004375,1536
source_9,GR00004380,1536
source_10,Dest210622-145259,384
source_10,Dest210628-162003,384
source_10,Dest210705-142446,384
source_10,Dest210726-161133,384
source_10,Dest210727-153138,384
source_10,Dest210727-153313,384
source_10,Dest210727-153623,384
source_10,Dest210727-154253,384
source_10,Dest210727-155549,384
source_10,Dest210823-174422,384
source_10,Dest210823-174556,384
source_10,Dest210601-154437,384
source_10,Dest210607-140103,384
source_10,Dest210607-140420,384
source_10,Dest210608-150932,384
source_10,Dest210614-165222,384
source_10,Dest210622-145122,384
source_10,Dest210628-161651,384
source_10,Dest210705-142134,384
source_10,Dest210726-162828,384
source_10,Dest210726-163500,384
source_10,Dest210727-153003,384
source_10,Dest210727-153944,384
source_10,Dest210727-154118,384
source_10,Dest210727-154427,384
source_10,Dest210823-173617,384
source_10,Dest210823-174104,384
source_10,Dest210823-174240,384
source_10,Dest210823-175355,384
source_10,Dest210601-154924,384
source_10,Dest210601-155546,384
source_10,Dest210607-134443,384
source_10,Dest210614-164418,384
source_10,Dest210621-133513,384
source_10,Dest210621-134337,384
source_10,Dest210621-134201,384
source_10,Dest210621-134826,384
source_10,Dest210705-143133,384
source_10,Dest210705-143821,384
source_10,Dest210705-144135,384
source_10,Dest210727-154746,384
source_10,Dest210601-155234,384
source_10,Dest210607-135749,384
source_10,Dest210608-151108,384
source_10,Dest210608-151243,384
source_10,Dest210614-164243,384
source_10,Dest210726-160506,384
source_10,Dest210726-160820,384
source_10,Dest210803-153819,384
source_10,Dest210803-154929,384
source_10,Dest210803-155415,384
source_10,Dest210531-152149,384
source_10,Dest210601-153606,384
source_10,Dest210607-134618,384
source_10,Dest210607-135106,384
source_10,Dest210608-151418,384
source_10,Dest210615-151336,384
source_10,Dest210615-152648,384
source_10,Dest210705-144312,384
source_10,Dest210726-163143,384
source_10,Dest210810-174829,384
source_10,Dest210810-175009,384
source_10,Dest210810-175644,384
source_10,Dest210810-180004,384
source_10,Dest210823-172304,384
source_10,Dest210823-172805,384
source_10,Dest210823-172940,384
source_10,Dest210823-173306,384
source_10,Dest210823-175531,384
source_10,Dest210823-181636,384
source_10,Dest210823-182450,384
source_10,Dest210531-152634,384
source_10,Dest210531-152324,384
source_10,Dest210607-134930,384
source_10,Dest210607-135241,384
source_10,Dest210621-135001,384
source_10,Dest210705-142818,384
source_10,Dest210705-143620,384
source_10,Dest210705-143959,384
source_10,Dest210726-160150,384
source_10,Dest210803-153958,384
source_10,Dest210803-155726,384
source_10,Dest210803-160217,384
source_10,Dest210803-160702,70
source_10,Dest210823-174733,384
source_10,Dest210823-175044,384
source_10,Dest210823-175219,384
source_10,Dest210823-180039,384
source_10,Dest210823-180351,384
source_10,Dest210823-180215,384
source_10,Dest210823-181327,384
source_10,Dest210823-181501,384
source_10,Dest210823-181945,384
source_10,Dest210823-182255,384
source_10,Dest210531-152459,384
source_10,Dest210601-153918,384
source_10,Dest210601-155859,384
source_10,Dest210601-155722,384
source_10,Dest210607-140601,384
source_10,Dest210614-163621,384
source_10,Dest210614-163756,384
source_10,Dest210622-142830,384
source_10,Dest210622-143006,384
source_10,Dest210705-144447,384
source_10,Dest210707-094057,384
source_10,Dest210707-094542,384
source_10,Dest210726-161624,384
source_10,Dest210726-162012,384
source_10,Dest210726-163005,384
source_10,Dest210726-162329,384
source_10,Dest210726-163321,384
source_10,Dest210727-155725,384
source_10,Dest210803-154444,384
source_10,Dest210803-154619,384
source_10,Dest210809-134845,384
source_10,Dest210809-135330,384
source_10,Dest210809-135505,384
source_10,Dest210809-135821,384
source_10,Dest210809-140131,384
source_10,Dest210809-140929,384
source_10,Dest210809-141456,384
source_10,Dest210809-141809,384
source_10,Dest210810-173545,384
source_10,Dest210810-173723,384
source_10,Dest210810-175151,384
source_10,Dest210810-175828,384
source_10,Dest210810-180316,384
source_10,Dest210823-172626,384
source_10,Dest210823-173115,384
source_10,Dest210823-173928,384
source_10,Dest210531-153120,384
source_10,Dest210531-153804,384
source_10,Dest210601-153742,384
source_10,Dest210601-154127,384
source_10,Dest210608-152610,384
source_10,Dest210608-153234,384
source_10,Dest210608-153057,384
source_10,Dest210823-172450,384
source_10,Dest210614-164553,384
source_10,Dest210621-132542,384
source_10,Dest210621-132852,384
source_10,Dest210705-142621,384
source_10,Dest210705-144624,384
source_10,Dest210809-140308,384
source_10,Dest210809-135957,384
source_10,Dest210809-141104,384
source_10,Dest210809-141632,384
source_10,Dest210810-173859,384
source_10,Dest210823-174909,384
source_10,Dest210823-180533,384
source_10,Dest210531-152945,384
source_10,Dest210607-140241,384
source_10,Dest210608-151729,384
source_10,Dest210608-152745,384
source_10,Dest210608-152921,384
source_10,Dest210608-153411,384
source_10,Dest210614-162933,384
source_10,Dest210614-163244,384
source_10,Dest210614-164730,384
source_10,Dest210614-165045,384
source_10,Dest210615-151201,384
source_10,Dest210615-151512,384
source_10,Dest210615-153001,384
source_10,Dest210615-153137,384
source_10,Dest210621-132717,384
source_10,Dest210621-133202,384
source_10,Dest210621-133338,384
source_10,Dest210622-144809,384
source_10,Dest210707-094231,384
source_10,Dest210726-161801,384
source_10,Dest210726-162150,384
source_10,Dest210727-152817,384
source_10,Dest210727-155901,384
source_10,Dest210727-160037,384
source_10,Dest210803-154133,384
source_10,Dest210803-154309,384
source_10,Dest210803-154754,384
source_10,Dest210803-155239,384
source_10,Dest210803-155551,384
source_10,Dest210803-160041,384
source_10,Dest210803-160527,384
source_10,Dest210803-160838,384
source_10,Dest210809-134337,384
source_10,Dest210809-134710,384
source_10,Dest210809-135020,384
source_10,Dest210809-135156,384
source_10,Dest210809-135646,384
source_10,Dest210823-173752,384
source_10,Dest210823-180708,384
source_10,Dest210823-181018,384
source_10,Dest210823-180842,384
source_10,Dest210823-181810,384
source_10,Dest210823-182120,384
source_10,Dest210531-152810,384
source_10,Dest210607-135426,384
source_10,Dest210608-151554,384
source_10,Dest210608-152434,384
source_10,Dest210614-163109,384
source_10,Dest210614-163446,384
source_10,Dest210614-163932,384
source_10,Dest210614-164906,384
source_10,Dest210621-133027,384
source_10,Dest210622-142653,384
source_10,Dest210622-143317,384
source_10,Dest210622-143628,384
source_10,Dest210705-142958,384
source_10,Dest210726-155958,384
source_10,Dest210726-160328,384
source_10,Dest210726-160643,384
source_10,Dest210726-160957,384
source_10,Dest210726-161447,384
source_10,Dest210803-161150,384
source_10,Dest210809-134534,384
source_10,Dest210823-173441,384
source_10,Dest210823-181152,384
source_10,Dest210601-154302,384
source_10,Dest210601-154612,384
source_10,Dest210601-155059,384
source_10,Dest210601-155410,384
source_10,Dest210621-134650,384
source_10,Dest210622-144945,384
source_10,Dest210727-153448,384
source_11,DMSO71-102_1,384
source_11,EC000028,384
source_11,EC000040,384
source_11,EC000051,382
source_11,EC000043,384
source_11,EC000063,384
source_11,EC000164,384
source_11,EC000166,384
source_11,EC000167,384
source_11,EC000169,384
source_11,EC133-171DMSO1,384
source_11,EC000171,384
source_11,EC133-171LM2,384
source_11,EC000104,384
source_11,EC000106,384
source_11,EC000107,384
source_11,EC000110,384
source_11,EC000113,384
source_11,EC000114,384
source_11,EC000117,384
source_11,EC000118,383
source_11,EC000119,384
source_11,EC000122,384
source_11,EC000123,384
source_11,EC000126,383
source_11,EC000127,384
source_11,EC000130,383
source_11,EC000131,384
source_11,EC103-132LM2,384
source_11,DMSO71-102_2,384
source_11,EC000071,384
source_11,EC000072,384
source_11,EC000075,384
source_11,EC000076,384
source_11,EC000079,384
source_11,EC000081,384
source_11,EC000082,384
source_11,EC000084,383
source_11,EC000087,384
source_11,EC000089,384
source_11,EC000091,384
source_11,EC000093,384
source_11,EC000095,384
source_11,EC000097,384
source_11,EC000099,384
source_11,EC000100,384
source_11,LM71-102_1,384
source_11,EC000044,384
source_11,EC000046,384
source_11,EC000048,384
source_11,EC000050,384
source_11,EC000052,384
source_11,EC000053,384
source_11,EC000055,384
source_11,EC000058,384
source_11,EC000060,384
source_11,EC000065,384
source_11,EC000066,384
source_11,EC000069,384
source_11,EC000070,384
source_11,LM37-70_2,384
source_11,EC000135,384
source_11,EC000136,384
source_11,EC000139,384
source_11,EC000142,384
source_11,EC000143,384
source_11,EC000145,384
source_11,EC000147,384
source_11,EC000150,384
source_11,EC000152,384
source_11,EC000153,384
source_11,EC000154,384
source_11,EC000157real,384
source_11,EC000159,384
source_11,EC000067,384
source_11,EC000068,383
source_11,LM37-70_1,384
source_11,EC000133,384
source_11,EC000134,384
source_11,EC000137,384
source_11,EC000138,384
source_11,EC000140,384
source_11,EC000141,384
source_11,EC000144,384
source_11,EC000146,384
source_11,EC000148,384
source_11,EC000003,384
source_11,EC000038,384
source_11,EC000054,384
source_11,EC000056,384
source_11,EC000057,384
source_11,EC000059,384
source_11,EC000061,384
source_11,EC000062,384
source_11,EC000064,384
source_11,EC133-171LM1,384
source_11,EC000103,384
source_11,EC000105,384
source_11,EC000108,384
source_11,EC000109,384
source_11,EC000111,384
source_11,EC000112,384
source_11,EC000116,384
source_11,EC000115,381
source_11,EC000120,384
source_11,EC000121,383
source_11,EC000124,384
source_11,EC000125,384
source_11,EC000128,384
source_11,EC000129,384
source_11,EC000132,384
source_11,EC103-132DMSO1,384
source_11,EC103-132DMSO2,384
source_11,EC000073,384
source_11,EC000074,384
source_11,EC000078,384
source_11,EC000080,384
source_11,EC000083,384
source_11,EC000085,384
source_11,EC000086,384
source_11,EC000088,384
source_11,EC000090,384
source_11,EC000092,384
source_11,EC000094,384
source_11,EC000096,383
source_11,EC000098,383
source_11,EC000101,384
source_11,EC000102,384
source_11,LM71-102_2,384
source_11,EC000001,384
source_11,EC000004,384
source_11,EC000007,384
source_11,EC000162,384
source_11,EC000077,384
source_11,EC000002,384
source_11,EC000005,384
source_11,EC000006,384
source_11,EC000009,384
source_11,EC000010,384
source_11,EC000013,384
source_11,EC000015,384
source_11,EC000017,384
source_11,EC000019,384
source_11,EC000023,384
source_11,EC000021,383
source_11,EC000025,384
source_11,EC000027,384
source_11,EC000031,384
source_11,EC000037,384
source_11,EC000033,384
source_11,EC000039,384
source_11,EC000041,384
source_11,EC000042,384
source_11,EC000045,384
source_11,EC000047,384
source_11,EC000049,384
source_11,EC133-171DMSO2,384
source_11,EC000008,384
source_11,EC000011,384
source_11,EC000012,384
source_11,EC000014,384
source_11,EC000018,384
source_11,EC000020,384
source_11,EC000022,382
source_11,EC000024,384
source_11,EC000026,384
source_11,EC000029,384
source_11,EC000032,383
source_11,EC000034,384
source_11,EC000016,384
source_11,EC000030,384
source_11,EC000149,384
source_11,EC000151,384
source_11,EC000156,384
source_11,EC000155,384
source_11,EC000158,384
source_11,EC000160,384
source_11,EC000163,384
source_11,EC000161,384
source_11,EC000165,384
source_11,EC000168,384
source_11,EC000170,384
source_13,CP-CC9-R1-01,384
source_13,CP-CC9-R1-03,384
source_13,CP-CC9-R1-02,384
source_13,CP-CC9-R1-05,384
source_13,CP-CC9-R1-08,384
source_13,CP-CC9-R1-11,384
source_13,CP-CC9-R1-12,384
source_13,CP-CC9-R1-14,384
source_13,CP-CC9-R1-15,384
source_13,CP-CC9-R1-18,384
source_13,CP-CC9-R1-20,384
source_13,CP-CC9-R1-22,384
source_13,CP-CC9-R1-04,384
source_13,CP-CC9-R2-05,384
source_13,CP-CC9-R2-08,384
source_13,CP-CC9-R2-11,384
source_13,CP-CC9-R2-10,384
source_13,CP-CC9-R2-13,384
source_13,CP-CC9-R2-14,384
source_13,CP-CC9-R2-18,384
source_13,CP-CC9-R2-19,384
source_13,CP-CC9-R2-21,384
source_13,CP-CC9-R2-22,384
source_13,CP-CC9-R2-25,384
source_13,CP-CC9-R2-28,384
source_13,CP-CC9-R2-29,384
source_13,CP-CC9-R3-04,384
source_13,CP-CC9-R3-03,384
source_13,CP-CC9-R4-27,384
source_13,CP-CC9-R5-20,384
source_13,CP-CC9-R1-06,384
source_13,CP-CC9-R3-07,384
source_13,CP-CC9-R3-10,384
source_13,CP-CC9-R4-13,384
source_13,CP-CC9-R4-15,384
source_13,CP-CC9-R4-17,384
source_13,CP-CC9-R4-20,384
source_13,CP-CC9-R4-21,384
source_13,CP-CC9-R4-22,384
source_13,CP-CC9-R4-25,384
source_13,CP-CC9-R4-26,384
source_13,CP-CC9-R5-01,384
source_13,CP-CC9-R5-02,384
source_13,CP-CC9-R5-04,384
source_13,CP-CC9-R5-09,384
source_13,CP-CC9-R1-07,384
source_13,CP-CC9-R1-10,384
source_13,CP-CC9-R1-09,384
source_13,CP-CC9-R1-13,384
source_13,CP-CC9-R1-16,384
source_13,CP-CC9-R1-17,384
source_13,CP-CC9-R1-19,384
source_13,CP-CC9-R1-21,384
source_13,CP-CC9-R1-24,384
source_13,CP-CC9-R1-25,384
source_13,CP-CC9-R1-27,384
source_13,CP-CC9-R1-29,384
source_13,CP-CC9-R2-02,384
source_13,CP-CC9-R2-04,384
source_13,CP-CC9-R2-06,384
source_13,CP-CC9-R2-07,384
source_13,CP-CC9-R2-09,384
source_13,CP-CC9-R2-12,384
source_13,CP-CC9-R2-15,384
source_13,CP-CC9-R2-17,384
source_13,CP-CC9-R2-16,384
source_13,CP-CC9-R2-20,384
source_13,CP-CC9-R2-23,384
source_13,CP-CC9-R2-24,384
source_13,CP-CC9-R2-27,384
source_13,CP-CC9-R2-26,384
source_13,CP-CC9-R3-02,384
source_13,CP-CC9-R3-01,384
source_13,CP-CC9-R3-06,384
source_13,CP-CC9-R3-05,384
source_13,CP-CC9-R3-11,384
source_13,CP-CC9-R3-08,384
source_13,CP-CC9-R3-15,384
source_13,CP-CC9-R3-13,384
source_13,CP-CC9-R3-17,384
source_13,CP-CC9-R3-18,384
source_13,CP-CC9-R3-21,384
source_13,CP-CC9-R3-23,384
source_13,CP-CC9-R1-23,384
source_13,CP-CC9-R3-27,384
source_13,CP-CC9-R3-29,384
source_13,CP-CC9-R4-03,384
source_13,CP-CC9-R4-08,384
source_13,CP-CC9-R4-06,384
source_13,CP-CC9-R4-10,384
source_13,CP-CC9-R4-11,384
source_13,CP-CC9-R4-14,384
source_13,CP-CC9-R4-16,384
source_13,CP-CC9-R4-19,384
source_13,CP-CC9-R4-18,384
source_13,CP-CC9-R4-23,384
source_13,CP-CC9-R4-24,384
source_13,CP-CC9-R5-23,384
source_13,CP-CC9-R5-25,384
source_13,CP-CC9-R5-27,384
source_13,CP-CC9-R6-01,384
source_13,CP-CC9-R6-02,384
source_13,CP-CC9-R5-29,384
source_13,CP-CC9-R6-19,384
source_13,CP-CC9-R7-02,384
source_13,CP-CC9-R7-19,384
source_13,CP-CC9-R8-02,384
source_13,CP-CC9-R1-26,384
source_13,CP-CC9-R1-28,384
source_13,CP-CC9-R2-01,384
source_13,CP-CC9-R2-03,384
source_13,CP-CC9-R4-28,384
source_13,CP-CC9-R5-03,384
source_13,CP-CC9-R5-07,384
source_13,CP-CC9-R5-06,384
source_13,CP-CC9-R5-10,384
source_13,CP-CC9-R5-12,384
source_13,CP-CC9-R5-14,384
source_13,CP-CC9-R5-17,384
source_13,CP-CC9-R5-16,384
source_13,CP-CC9-R5-21,384
source_13,CP-CC9-R5-22,384
source_13,CP-CC9-R5-24,384
source_13,CP-CC9-R5-26,384
source_13,CP-CC9-R5-28,384
source_13,CP-CC9-R7-01,384
source_13,CP-CC9-R8-01,384
source_13,CP-CC9-R6-28,384
source_13,CP-CC9-R6-29,384
source_13,CP-CC9-R7-28,384
source_13,CP-CC9-R7-29,384
source_13,CP-CC9-R3-09,384
source_13,CP-CC9-R4-12,384
source_13,CP-CC9-R5-08,384
source_13,CP-CC9-R5-11,384
source_13,CP-CC9-R5-13,384
source_13,CP-CC9-R5-15,384
source_13,CP-CC9-R5-18,384
source_13,CP-CC9-R5-19,384
source_13,CP-CC9-R3-12,384
source_13,CP-CC9-R3-14,384
source_13,CP-CC9-R3-16,384
source_13,CP-CC9-R3-19,384
source_13,CP-CC9-R3-20,384
source_13,CP-CC9-R3-22,384
source_13,CP-CC9-R3-24,384
source_13,CP-CC9-R3-26,384
source_13,CP-CC9-R5-05,384
source_13,CP-CC9-R3-25,384
source_13,CP-CC9-R3-28,384
source_13,CP-CC9-R4-04,384
source_13,CP-CC9-R4-05,384
source_13,CP-CC9-R4-07,384
source_13,CP-CC9-R4-09,384
