Metadata_Source,Metadata_Plate,n
source_1,UL000109,5888
source_1,UL001653,5888
source_1,UL001659,5888
source_1,UL001673,5888
source_1,UL000087,5887
source_1,UL001667,5888
source_1,UL000083,5888
source_1,UL001769,5888
source_1,UL001719,5888
source_1,UL001783,5888
source_1,UL001797,5888
source_1,UL000581,5888
source_1,UL000593,5888
source_1,UL000599,5888
source_1,UL001651,5888
source_1,UL001641,5888
source_1,UL001661,5888
source_1,UL001675,5888
source_1,UL000089,5888
source_1,UL001669,5888
source_1,UL001645,5888
source_1,UL001655,5888
source_1,UL001671,5888
source_1,UL001677,5887
source_1,UL000091,5888
source_1,UL001785,5863
source_1,UL000093,5888
source_1,UL001643,5888
source_1,UL001647,5888
source_1,UL001649,5888
source_1,UL001679,5887
source_1,UL001665,5888
source_1,UL001787,5876
source_1,UL000081,5888
source_1,UL001771,5882
source_1,UL001781,5888
source_1,UL001795,5883
source_1,UL000577,5888
source_1,UL000585,5888
source_1,UL000597,5888
source_1,UL000095,5888
source_1,UL000097,5888
source_1,UL001773,5888
source_1,UL001713,5888
source_1,UL001793,5887
source_1,UL001765,5888
source_1,UL000561,5887
source_1,UL001791,5888
source_1,UL001799,5888
source_1,UL000583,5886
source_1,UL000595,5888
source_1,UL001789,5888
source_1,UL000579,5888
source_1,UL000587,5888
source_1,UL001717,5888
source_2,1053601756,2304
source_2,1053601763,2304
source_2,1053601848,2302
source_2,1053600766,2304
source_2,1053599589,2304
source_2,1053597875,2303
source_2,1086293904,2302
source_2,1086293959,2303
source_2,1086293492,2299
source_2,1086293133,2304
source_2,1086292792,2303
source_2,1086292778,2304
source_2,1086292266,2302
source_2,1086291931,2302
source_2,1086292105,2303
source_2,1086292143,2302
source_2,1086289716,2303
source_2,1053601794,2304
source_2,1053601787,2304
source_2,1053601824,2303
source_2,1053601909,2304
source_2,1053600742,2302
source_2,1053600889,2304
source_2,1053599503,2275
source_2,1053597806,2302
source_2,1086293478,2303
source_2,1086293126,2304
source_2,1086292761,2303
source_2,1086292938,2304
source_2,1086292259,2236
source_2,1086292426,2303
source_2,1086292518,2302
source_2,1086291955,2302
source_2,1086292006,2299
source_2,1086290477,2301
source_2,1053601800,2304
source_2,1053601817,2301
source_2,1086293850,2302
source_2,1086294017,2303
source_2,1086293522,2303
source_2,1086293027,2279
source_2,1086293065,2304
source_2,1086293119,2303
source_2,1086292396,2303
source_2,1086292440,2299
source_2,1086292464,2302
source_2,1086290347,2304
source_2,1086292365,2303
source_2,1053601770,2302
source_2,1053601831,2304
source_2,1053599657,2301
source_2,1053597844,2304
source_2,1053597929,2271
source_2,1086293812,2303
source_2,1086293843,2304
source_2,1086293416,2304
source_2,1086293164,2304
source_2,1086292754,2303
source_2,1086292969,2301
source_2,1086292310,2301
source_2,1086292495,2303
source_2,1086292051,2304
source_2,1086289693,2304
source_2,1086289730,2304
source_2,1086289792,2304
source_2,1053601855,2304
source_2,1053601923,2301
source_2,1053600704,2302
source_2,1053600759,2300
source_2,1053599541,2304
source_2,1086293515,2301
source_2,1086293157,2303
source_2,1086292839,2303
source_2,1086292372,2303
source_2,1086292419,2303
source_2,1086292099,2304
source_2,1086290323,2303
source_2,1086290361,2304
source_2,1053601862,2304
source_2,1053600865,2299
source_2,1053599688,2304
source_2,1053597974,2304
source_2,1053598001,2304
source_2,1086293980,2304
source_2,1086293508,2303
source_2,1086293201,2304
source_2,1086292921,2304
source_2,1086291986,2302
source_2,1086290484,2304
source_2,1086289709,2302
source_2,1086289761,2304
source_2,1053601879,2304
source_2,1053600841,2302
source_2,1053599596,2303
source_2,1053597882,2302
source_2,1086293874,2303
source_2,1086293461,2298
source_2,1086293089,2304
source_2,1086292730,2275
source_2,1086292945,2304
source_2,1086292389,2304
source_2,1086292433,2281
source_2,1086291979,2302
source_2,1086290521,2298
source_2,1086289754,2301
source_2,1053601947,2298
source_2,1053600711,2304
source_2,1053600735,2304
source_2,1053600780,2302
source_2,1053600858,2302
source_2,1053599619,2303
source_2,1086293881,2303
source_2,1086293454,2302
source_2,1086293485,2304
source_2,1086293102,2303
source_2,1086292884,2276
source_2,1086292327,2297
source_2,1086292044,2303
source_2,1086290330,2304
source_2,1053600681,2285
source_2,1053600728,2304
source_2,1053600827,2304
source_2,1053599626,2304
source_2,1053597936,2302
source_2,1053597967,2302
source_2,1086293423,2304
source_2,1086293188,2304
source_2,1086293218,2303
source_2,1086292914,2303
source_2,1086292341,2283
source_2,1086292501,2303
source_2,1086292075,2303
source_2,1086290644,2304
source_2,1086289662,2304
source_2,1053600674,2304
source_2,1053599664,2303
source_2,1086293829,2304
source_2,1086293867,2299
source_2,1086293393,2304
source_2,1086293539,2303
source_2,1086293034,2304
source_2,1086292891,2304
source_2,1086292471,2301
source_2,1086292020,2302
source_2,1086290668,2304
source_2,1086289747,2303
source_2,1086289778,2304
source_2,1053600773,2302
source_2,1053600810,2304
source_2,1053599558,2303
source_2,1053597837,2303
source_2,1086293836,2300
source_2,1086293997,2304
source_2,1086294000,2304
source_2,1086293560,2304
source_2,1086293072,2297
source_2,1086293232,2304
source_2,1086292082,2285
source_2,1086292129,2304
source_2,1086289648,2302
source_2,1086289686,2304
source_2,1053600797,2303
source_2,1053600834,2304
source_2,1053600872,2304
source_2,1053599640,2302
source_2,1053599695,2303
source_2,1053597851,2304
source_2,1086293942,2304
source_2,1086293430,2299
source_2,1086292723,2303
source_2,1086292846,2303
source_2,1086292297,2301
source_2,1086292488,2302
source_2,1086292037,2303
source_2,1086290354,2304
source_2,1086289785,2304
source_2,1053600803,2293
source_2,1053599633,2303
source_2,1053597950,2304
source_2,1086293911,2303
source_2,1086293386,2282
source_2,1086293447,2300
source_2,1086293195,2303
source_2,1086292860,2304
source_2,1086292907,2304
source_2,1086291917,2304
source_2,1086292068,2303
source_2,1086292167,2301
source_2,1053600896,2303
source_2,1053599671,2303
source_2,1053597998,2304
source_2,1086293966,2304
source_2,1086293546,2302
source_2,1086293171,2301
source_2,1086292822,2304
source_2,1086292303,2302
source_2,1086292358,2303
source_2,1086292402,2303
source_2,1086291948,2301
source_2,1086292112,2304
source_2,1086290453,2304
source_2,1086289679,2304
source_2,1053599534,2302
source_2,1053599565,2304
source_2,1053597943,2304
source_2,1053597981,2303
source_2,1086293935,2304
source_2,1086293973,2303
source_2,1086293225,2303
source_2,1086292273,2303
source_2,1086292457,2298
source_2,1086292136,2294
source_2,1086289655,2302
source_2,1053599572,2304
source_2,1053599602,2304
source_2,1086293898,2301
source_2,1086294024,2300
source_2,1086293409,2304
source_2,1086293553,2304
source_2,1086293096,2298
source_2,1086292747,2302
source_2,1086292853,2304
source_2,1086292952,2304
source_2,1086292976,2304
source_2,1086292280,2303
source_2,1086291924,2304
source_2,1086291962,2304
source_2,1086292013,2302
source_2,1086292150,2303
source_3,BR5867b3,3456
source_3,BR5867d3,3456
source_3,BR5869a3,3456
source_3,BR5870a3,3456
source_3,BR5871a3,3456
source_3,DMSOCP34,3456
source_3,A13407cW,3456
source_3,A13415cW,3456
source_3,DMSOC42,3456
source_3,A13495dW,3456
source_3,JCPQC034,3456
source_3,BAY5867a,3456
source_3,BAY5867d,3456
source_3,BAY5868d,3456
source_3,BAY5870a,3456
source_3,BAY5871b,3456
source_3,BAY5871d,3456
source_3,JCPQC036,3456
source_3,BAY5872d,3456
source_3,BAY5873d,3456
source_3,BAY5875a,3456
source_3,BAY5875c,3456
source_3,BAY5876c,3456
source_3,DMSOC50,3456
source_3,BR5867a3,3456
source_3,BR5868b3,3456
source_3,BR5869b3,3456
source_3,BR5870b3,3456
source_3,BR5871d3,3456
source_3,DMSOCP35,3456
source_3,JCPQC051,3456
source_3,BR5873a3,3456
source_3,BR5874a3,3456
source_3,BR5875a3,3456
source_3,BR5876a3,3456
source_3,DMSOCP37W,3456
source_3,JCPQC054,3456
source_3,C13443cW,3456
source_3,C13459aW,3456
source_3,C13487bW,3456
source_3,C13495bW,3456
source_3,DMSOC18,3456
source_3,DMSOC19,3456
source_3,J12424c,3456
source_3,J12428c,3456
source_3,J12440c,3456
source_3,J12459a,3456
source_3,J12459d,3456
source_3,DMSOC23,3456
source_3,J12284d,3456
source_3,J12432c,3456
source_3,J12436c,3456
source_3,J12446c,3456
source_3,J12450c,3456
source_3,DMSOC25,3456
source_3,JCPQC023,3456
source_3,SP01P04d,3456
source_3,SP05P08d,3456
source_3,SP20P23a,3456
source_3,SP20P23d,3456
source_3,DMSOC30,3456
source_3,SP09P12b,3456
source_3,SP13P16b,3456
source_3,SP28P31b,3456
source_3,SP32P35b,3456
source_3,SP36P38a,3456
source_3,B040103b,3456
source_3,BR5867c3,3456
source_3,BR5868d3,3456
source_3,BR5869d3,3456
source_3,BR5870c3,3456
source_3,BR5871b3,3456
source_3,DMSOCP36,3456
source_3,BR5872b3,3456
source_3,BAY5874d,3456
source_3,DMSOC48,3456
source_3,JCPQC037,3456
source_3,BR5868a3,3456
source_3,BR5868c3,3456
source_3,BR5869c3,3456
source_3,BR5870d3,3456
source_3,BR5871c3,3456
source_3,JCPQC052,3456
source_3,BR5872c3,3456
source_3,BR5873b3,3456
source_3,JCPQC016,3456
source_3,BR5872a3,3456
source_3,BR5872d3,3456
source_3,BR5873d3W,3456
source_3,BR5874c3,3456
source_3,BR5875b3,3456
source_3,BR5876c3,3456
source_3,JCPQC053,3456
source_3,C13443aW,3456
source_3,C13451cW,3456
source_3,C13459dW,3456
source_3,C13495aW,3456
source_3,DMSOC17,3456
source_3,DMSOC20,3456
source_3,J12424b,3456
source_3,J12428a,3456
source_3,J12440a,3456
source_3,J12455b,3456
source_3,J12459c,3456
source_3,JCPQC019,3456
source_3,J12284b,3456
source_3,J12432b,3456
source_3,J12436b,3456
source_3,J12446b,3456
source_3,J12450b,3456
source_3,JCPQC020,3456
source_3,DMSOC27,3456
source_3,SP01P04c,3456
source_3,SP05P08c,3456
source_3,SP16P19b,3456
source_3,SP24P27a,3456
source_3,DMSOC29,3456
source_3,JCPQC025,3456
source_3,SP13P16a,3456
source_3,SP28P31a,3456
source_3,SP32P35a,3456
source_3,SP36P38b,3456
source_3,B040103a,3456
source_3,B040203b,3456
source_3,B040303b,3456
source_3,B040603b,3456
source_3,B040903a,3456
source_3,DMSOC34,3456
source_3,B40003bW,3456
source_3,B40403bW,3456
source_3,B40503cW,3456
source_3,B40503dW,3456
source_3,B40803aW,3456
source_3,B40803dW,3456
source_3,JCPQC031,3456
source_3,A12069dW,3456
source_3,A12079cW,3456
source_3,A12083dW,3456
source_3,BR5873c3,3456
source_3,JCPQC017,3456
source_3,DMSOC44,3456
source_3,P24P27cW,3456
source_3,BAY5867c,3456
source_3,BAY5868c,3456
source_3,BAY5869b,3456
source_3,BAY5870d,3456
source_3,BR5874d3,3456
source_3,BAY5871c,3456
source_3,DMSOC47,3456
source_3,BAY5872b,3456
source_3,BAY5873b,3456
source_3,BAY5874c,3456
source_3,BAY5875b,3456
source_3,BAY5875d,3456
source_3,DMSOC49,3456
source_3,BR5874b3,3456
source_3,BR5875c3,3456
source_3,BR5876d3,3456
source_3,DMSOCP38,3456
source_3,C13443dW,3456
source_3,C13459bW,3456
source_3,C13459cW,3456
source_3,C13487dW,3456
source_3,DMSOC16,3456
source_3,J12440dW,3456
source_3,BAY5867b,3456
source_3,BR5875d3,3456
source_3,BR5876b3,3456
source_3,DMSOCP39,3456
source_3,C13443bW,3456
source_3,C13451aW,3456
source_3,C13487aW,3456
source_3,C13487cW,3456
source_3,C13495cW,3456
source_3,DMSOC21,3456
source_3,J12428b,3456
source_3,J12440b,3456
source_3,J12455c,3456
source_3,J12459b,3456
source_3,JCPQC018,3456
source_3,DMSOC24,3456
source_3,J12432a,3456
source_3,J12436A,3456
source_3,J12446a,3456
source_3,J12446d,3456
source_3,JCPQC021,3456
source_3,JCPQC022,3456
source_3,SP01P04b,3456
source_3,SP05P08a,3456
source_3,SP16P19d,3456
source_3,SP20P23b,3456
source_3,DMSOC28,3456
source_3,SP09P12a,3456
source_3,SP09P12d,3456
source_3,SP13P16d,3456
source_3,SP28P31d,3456
source_3,SP32P35c,3456
source_3,SP36P38d,3456
source_3,B040203a,3456
source_3,B040203d,3456
source_3,B040303d,3456
source_3,B040603d,3456
source_3,B040903d,3456
source_3,JCPQC028,3456
source_3,B40003dW,3456
source_3,B40403cW,3456
source_3,B40503bW,3456
source_3,B40703bW,3456
source_3,B40803bW,3456
source_3,JCPQC030,3456
source_3,A12069bW,3456
source_3,A12079dW,3456
source_3,A12083cW,3456
source_3,A13407bW,3456
source_3,A13415aW,3456
source_3,DMSOC40,3456
source_3,A13451bW,3456
source_3,J12424a,3456
source_3,J12424d,3456
source_3,J12428d,3456
source_3,J12455a,3456
source_3,J12455d,3456
source_3,DMSOC22,3456
source_3,J12284a,3456
source_3,J12284c,3456
source_3,J12432d,3456
source_3,J12436d,3456
source_3,J12450a,3456
source_3,J12450d,3456
source_3,DMSOC26,3456
source_3,SP01P04a,3456
source_3,SP05P08b,3456
source_3,SP16P19a,3456
source_3,SP20P23c,3456
source_3,SP24P27b,3456
source_3,JCPQC024,3456
source_3,SP09P12c,3456
source_3,SP13P16c,3456
source_3,SP32P35d,3456
source_3,SP36P38c,3456
source_3,B040103c,3456
source_3,B040203c,3456
source_3,B040303c,3456
source_3,B040603c,3456
source_3,B040903c,3456
source_3,DMSOC36,3456
source_3,B40003aW,3456
source_3,B40003cW,3456
source_3,B40403dW,3456
source_3,B40703dW,3456
source_3,B40803cW,3456
source_3,DMSOC43,3456
source_3,SP28P31c,3456
source_3,B040103d,3456
source_3,B40703aW,3456
source_3,A12083bW,3456
source_3,B040303a,3456
source_3,B040603a,3456
source_3,B040903b,3456
source_3,DMSOC35,3456
source_3,JCPQC029,3456
source_3,B40403aW,3456
source_3,B40503aW,3456
source_3,B40703cW,3456
source_3,DMSOC37,3456
source_3,A12069aW,3456
source_3,A12069cW,3456
source_3,A12079bW,3456
source_3,BAY5872c,3456
source_3,BAY5873a,3456
source_3,DMSOC38,3456
source_3,DMSOC39,3456
source_3,A12079aW,3456
source_3,A12083aW,3456
source_3,A13407aW,3456
source_3,A13415bW,3456
source_3,DMSOC41,3456
source_3,JCPQC033,3456
source_3,BAY5868b,3456
source_3,BAY5869c,3456
source_3,BAY5870c,3456
source_3,BAY5871a,3456
source_3,DMSOC45,3456
source_3,BAY5872a,3456
source_3,BAY5873c,3456
source_3,BAY5874a,3456
source_3,BAY5874b,3456
source_3,BAY5876b,3456
source_3,A13407dW,3456
source_3,A13415dW,3456
source_3,JCPQC032,3456
source_3,A13451dW,3456
source_3,P16P19cW,3456
source_3,P24P27dW,3456
source_3,BAY5868a,3456
source_3,BAY5869a,3456
source_3,BAY5870b,3456
source_3,BAY5869d,3456
source_3,DMSOC46,3456
source_3,JCPQC035,3456
source_3,BAY5876a,3456
source_3,BAY5876d,3456
source_3,JCPQC038,3456
source_4,BR00117035,3456
source_4,BR00117037,3456
source_4,BR00121439,3456
source_4,BR00121539,3456
source_4,BR00121560,3456
source_4,BR00123523,3456
source_4,BR00124788,3456
source_4,BR00125621,3456
source_4,BR00125625,3456
source_4,BR00125629,3456
source_4,BR00125634,3456
source_4,BR00125638,3456
source_4,BR00126044,3456
source_4,BR00126046,3456
source_4,BR00126051,3456
source_4,BR00126054,3456
source_4,BR00126059,3456
source_4,BR00126385,3425
source_4,BR00126389,3456
source_4,BR00126391,3455
source_4,BR00126395,3456
source_4,BR00126399,3456
source_4,BR00126402,3456
source_4,BR00126535,3456
source_4,BR00126539,3456
source_4,BR00126542,3456
source_4,BR00126547,3456
source_4,BR00126551,3456
source_4,BR00126114,3456
source_4,BR00126117,3456
source_4,BR00126709,3456
source_4,BR00126716,3456
source_4,BR00123533,3416
source_4,BR00123537,3456
source_4,BR00124781,3451
source_4,BR00127145,3455
source_4,BR00117039,3456
source_4,BR00117040,3456
source_4,BR00121537,3456
source_4,BR00121540,3456
source_4,BR00121558,3456
source_4,BR00121564,3456
source_4,BR00121436,3456
source_4,BR00117036,3456
source_4,BR00121561,3456
source_4,BR00117038,3456
source_4,BR00121438,3456
source_4,BR00121541,3456
source_4,BR00121563,3454
source_4,BR00123506,3456
source_4,BR00123615,3456
source_4,BR00123617,3456
source_4,BR00123621,3456
source_4,BR00123627,3456
source_4,BR00123629,3456
source_4,BR00123510,3456
source_4,BR00123514,3456
source_4,BR00123518,3456
source_4,BR00123521,3456
source_4,BR00123787,3456
source_4,BR00121437,3456
source_4,BR00121547,3456
source_4,BR00121549,3456
source_4,BR00121551,3456
source_4,BR00123528A,3456
source_4,BR00123530,3456
source_4,BR00123947,3456
source_4,BR00123955,3456
source_4,BR00123958,3456
source_4,BR00123962,3456
source_4,BR00123966,3456
source_4,BR00124766,3456
source_4,BR00124771,3456
source_4,BR00126403,3456
source_4,BR00117041,3456
source_4,BR00121538,3456
source_4,BR00121557,3456
source_4,BR00121562,3456
source_4,BR00121565,3456
source_4,BR00123532,3456
source_4,BR00123616,3456
source_4,BR00123620,3456
source_4,BR00123622,3456
source_4,BR00123628,3456
source_4,BR00121425,3456
source_4,BR00123513,3456
source_4,BR00123517,3456
source_4,BR00123786,3456
source_4,BR00123788,3456
source_4,BR00123791,3456
source_4,BR00121545,3456
source_4,BR00121550,3456
source_4,BR00121554,3456
source_4,BR00121556,3456
source_4,BR00123527,3456
source_4,BR00121430,3456
source_4,BR00123949,3456
source_4,BR00123953,3456
source_4,BR00123957,3456
source_4,BR00123961,3456
source_4,BR00123965,3456
source_4,BR00123945,3456
source_4,BR00124769,3456
source_4,BR00124773,3456
source_4,BR00124777,3456
source_4,BR00124784,3456
source_4,BR00125164,3456
source_4,BR00125167,3456
source_4,BR00125172,3456
source_4,BR00125177,3456
source_4,BR00125180,3456
source_4,BR00123524,3456
source_4,BR00125620,3456
source_4,BR00125624,3456
source_4,BR00125628,3456
source_4,BR00125631,3456
source_4,BR00125635,3456
source_4,BR00126043,3456
source_4,BR00126047,3456
source_4,BR00126050,3456
source_4,BR00126055,3456
source_4,BR00126058,3456
source_4,BR00124794,3455
source_4,BR00126387,3456
source_4,BR00126390,3456
source_4,BR00126394,3456
source_4,BR00126398,3456
source_4,BR00126710,3456
source_4,BR00126714,3456
source_4,BR00126717,3456
source_4,BR00123538,3456
source_4,BR00123539,3456
source_4,BR00127149,3456
source_4,BR00121559,3456
source_4,BR00123960,3456
source_4,BR00123964,3456
source_4,BR00124761,3454
source_4,BR00124768,3456
source_4,BR00124772,3456
source_4,BR00124776,3456
source_4,BR00121424,3456
source_4,BR00125163,3456
source_4,BR00125168,3456
source_4,BR00125171,3456
source_4,BR00125175,3456
source_4,BR00125179,3456
source_4,BR00124787,3456
source_4,BR00125619,3447
source_4,BR00125623,3456
source_4,BR00125627,3456
source_4,BR00125633,3456
source_4,BR00121566,3456
source_4,BR00123507,3456
source_4,BR00123613,3456
source_4,BR00123619,3456
source_4,BR00123624,3456
source_4,BR00123626,3456
source_4,BR00123509,3456
source_4,BR00123512,3456
source_4,BR00123516,3456
source_4,BR00123519,3456
source_4,BR00123785,3456
source_4,BR00123789,3456
source_4,BR00121543,3456
source_4,BR00121548,3456
source_4,BR00121553,3456
source_4,BR00123526,3456
source_4,BR00123529,3456
source_4,BR00123948,3456
source_4,BR00123952,3456
source_4,BR00123525,3456
source_4,BR00123614,3456
source_4,BR00124779,3456
source_4,BR00124785,3456
source_4,BR00125165,3456
source_4,BR00125169,3456
source_4,BR00125173,3456
source_4,BR00125176,3456
source_4,BR00121428,3456
source_4,BR00125181,3456
source_4,BR00125622,3456
source_4,BR00125626,3456
source_4,BR00125630,3456
source_4,BR00125637,3455
source_4,BR00124791,3456
source_4,BR00124790,3456
source_4,BR00126049,3456
source_4,BR00126052,3456
source_4,BR00123618,3456
source_4,BR00123623,3456
source_4,BR00123625,3456
source_4,BR00123630,3456
source_4,BR00123511,3456
source_4,BR00123515,3456
source_4,BR00123520,3456
source_4,BR00123522,3456
source_4,BR00123790,3456
source_4,BR00121427,3455
source_4,BR00126045,3456
source_4,BR00126048,3456
source_4,BR00126053,3456
source_4,BR00126057,3456
source_4,BR00126061,3456
source_4,BR00121423,3456
source_4,BR00126386,3456
source_4,BR00126393,3456
source_4,BR00126397,3456
source_4,BR00126400,3456
source_4,BR00126520,3456
source_4,BR00126536,3456
source_4,BR00126538,3456
source_4,BR00126546,3456
source_4,BR00126550,3456
source_4,BR00126552,3456
source_4,BR00126116,3456
source_4,BR00126708,3456
source_4,BR00126712,3456
source_4,BR00126718,3456
source_4,BR00123535,3456
source_4,BR00124782,3456
source_4,BR00121544,3456
source_4,BR00121546,3456
source_4,BR00121552,3456
source_4,BR00121555,3456
source_4,BR00123528B,3456
source_4,BR00123531,3456
source_4,BR00123946,3456
source_4,BR00123951,3456
source_4,BR00124774,3451
source_4,BR00125174,3456
source_4,BR00123950,3456
source_4,BR00123959,3456
source_4,BR00123963,3456
source_4,BR00121429,3456
source_4,BR00124767,3450
source_4,BR00124770,3456
source_4,BR00124775,3456
source_4,BR00123954,3456
source_4,BR00123956,3456
source_4,BR00126706,3456
source_4,BR00126404,3456
source_4,BR00127148,3456
source_4,BR00124778,3456
source_4,BR00125162,3456
source_4,BR00125166,3456
source_4,BR00125170,3456
source_4,BR00126056,3456
source_4,BR00126060,3456
source_4,BR00124793,3456
source_4,BR00126388,3456
source_4,BR00126392,3456
source_4,BR00126396,3456
source_4,BR00126401,3456
source_4,BR00121426,3456
source_4,BR00126521,3456
source_4,BR00126540,3456
source_4,BR00126545,3456
source_4,BR00126548,3456
source_4,BR00126553,3456
source_4,BR00126115,3456
source_4,BR00126707,3432
source_4,BR00126711,3456
source_4,BR00126715,3456
source_4,BR00123534,3456
source_4,BR00123536,3456
source_4,BR00126062,3456
source_4,BR00127146,3456
source_4,BR00125178,3456
source_4,BR00125636,3456
source_4,BR00126543,3456
source_4,BR00127147,3456
source_4,BR00126534,3456
source_4,BR00126537,3456
source_4,BR00126541,3456
source_4,BR00126544,3456
source_4,BR00126549,3456
source_4,BR00126113,3456
source_5,ADMJUM001,3456
source_5,APTJUM105,3456
source_5,APTJUM114,3456
source_5,APTJUM116,3456
source_5,APTJUM121,3456
source_5,APTJUM125,3456
source_5,APTJUM132,3456
source_5,APTJUM133,3456
source_5,ATTJUM204,3456
source_5,ADMJUM006,3456
source_5,ATSJUM130,3456
source_5,ATSJUM131,3456
source_5,ACPJUM072,3456
source_5,ATSJUM206,3456
source_5,ATSJUM210,3456
source_5,ADMJUM015,3456
source_5,ATSJUM216,3456
source_5,APCJUM003,3456
source_5,ATSJUM225,3456
source_5,AEOJUM205,3456
source_5,AEOJUM907,3456
source_5,APTJUM108,3456
source_5,ACPJUM012,3456
source_5,APTJUM112,3456
source_5,APTJUM117,3456
source_5,APTJUM122,3456
source_5,ADMJUM004,3456
source_5,APTJUM131,3456
source_5,ATTJUM202,3456
source_5,ATTJUM207,3456
source_5,ATSJUM205,3456
source_5,ATSJUM208,3456
source_5,ATSJUM401,3456
source_5,ACPJUM151,3456
source_5,APTJUM422,3456
source_5,ADMJUM028,3456
source_5,AETJUM104,3456
source_5,AETJUM108,3456
source_5,AETJUM111,3456
source_5,AETJUM114,3456
source_5,ACPJUM162,3456
source_5,AETJUM120,3456
source_5,ACPJUM181,3456
source_5,AEOJUM807,3456
source_5,APTJUM107,3456
source_5,APTJUM109,3456
source_5,APTJUM115,3456
source_5,APTJUM118,3456
source_5,APTJUM123,3456
source_5,APTJUM126,3456
source_5,ADMJUM005,3456
source_5,ATTJUM203,3456
source_5,ATTJUM205,3456
source_5,APTJUM210,3456
source_5,APTJUM214,3456
source_5,APTJUM219,3456
source_5,ADMJUM008,3456
source_5,ADMJUM009,3456
source_5,ATSJUM103,3456
source_5,ADMJUM010,3456
source_5,ATSJUM110,3456
source_5,ATSJUM114,3456
source_5,ATSJUM116,3456
source_5,ATSJUM120,3456
source_5,ACPJUM062,3456
source_5,ATSJUM124,3456
source_5,ATSJUM127,3456
source_5,ATSJUM132,3456
source_5,ATSJUM203,3456
source_5,ATSJUM213,3456
source_5,ADMJUM016,3456
source_5,ATSJUM224,3456
source_5,ATSJUM226,3456
source_5,APTJUM302,3456
source_5,ATSJUM232,3456
source_5,ADMJUM018,3456
source_5,APTJUM327,3456
source_5,AEOJUM202,3456
source_5,AEOJUM301,3456
source_5,AEOJUM303,3456
source_5,AEOJUM307,3456
source_5,AEOJUM404,3456
source_5,AEOJUM405,3456
source_5,ACPJUM121,3456
source_5,AEOJUM504,3456
source_5,ATSJUM220,3456
source_5,APTJUM106,3456
source_5,APTJUM110,3456
source_5,ADMJUM003,3456
source_5,APTJUM120,3456
source_5,APTJUM124,3456
source_5,APTJUM128,3456
source_5,APTJUM129,3456
source_5,ATTJUM206,3456
source_5,ATSJUM211,3456
source_5,ATSJUM215,3456
source_5,ATSJUM221,3456
source_5,ATSJUM223,3456
source_5,ATSJUM418,3456
source_5,ACPJUM032,3456
source_5,APTJUM301,3456
source_5,ATSJUM231,3456
source_5,APTJUM304,3456
source_5,AETJUM101,3456
source_5,ACPJUM102,3456
source_5,AEOJUM204,3456
source_5,ACPJUM111,3456
source_5,AEOJUM305,3456
source_5,AETJUM229,3456
source_5,APTJUM208,3456
source_5,ADMJUM007,3456
source_5,APTJUM217,3456
source_5,APTJUM228,3456
source_5,APTJUM230,3456
source_5,APTJUM232,3456
source_5,ACPJUM052,3456
source_5,ATSJUM108,3456
source_5,ATSJUM113,3456
source_5,ATSJUM115,3456
source_5,ATSJUM119,3456
source_5,ADMJUM012,3456
source_5,ATSJUM125,3456
source_5,APCJUM006,3456
source_5,AEOJUM304,3456
source_5,APCJUM007,3456
source_5,AEOJUM403,3456
source_5,APCJUM008,3456
source_5,ADMJUM023,3456
source_5,ACPJUM141,3456
source_5,APTJUM419,3456
source_5,APTJUM213,3456
source_5,APTJUM216,3456
source_5,APTJUM220,3456
source_5,APTJUM229,3456
source_5,ACPJUM051,3456
source_5,ATSJUM104,3456
source_5,ATSJUM107,3456
source_5,ATSJUM112,3456
source_5,ACPJUM061,3456
source_5,ATSJUM117,3456
source_5,ATSJUM121,3456
source_5,APCJUM001,3456
source_5,ATSJUM126,3456
source_5,ATSJUM129,3456
source_5,ATSJUM201,3456
source_5,ATSJUM204,3456
source_5,APCJUM002,3456
source_5,ATSJUM209,3456
source_5,ADMJUM026,3456
source_5,APTJUM212,3456
source_5,APTJUM218,3456
source_5,APTJUM221,3456
source_5,APTJUM231,3456
source_5,APTJUM233,3456
source_5,ATSJUM106,3456
source_5,ATSJUM109,3456
source_5,ATSJUM111,3456
source_5,ADMJUM011,3456
source_5,ATSJUM118,3456
source_5,ATSJUM122,3456
source_5,ATSJUM123,3456
source_5,AEOJUM605,3456
source_5,AEOJUM707,3456
source_5,ADMJUM035,3456
source_5,AETJUM224,3456
source_5,ACPJUM071,3456
source_5,ADMJUM017,3456
source_5,ATSJUM228,3456
source_5,ATSJUM229,3456
source_5,APTJUM325,3456
source_5,APCJUM004,3456
source_5,AEOJUM201,3456
source_5,ACPJUM142,3456
source_5,APTJUM409,3456
source_5,APTJUM527,3456
source_5,AETJUM102,3456
source_5,AETJUM105,3456
source_5,AEOJUM902,3456
source_5,ATSJUM128,3456
source_5,ADMJUM013,3456
source_5,ATSJUM202,3456
source_5,ADMJUM014,3456
source_5,ATSJUM207,3456
source_5,ATSJUM212,3456
source_5,ATSJUM214,3456
source_5,ATSJUM217,3456
source_5,ACPJUM082,3456
source_5,ATSJUM222,3456
source_5,ATSJUM227,3456
source_5,ACPJUM081,3456
source_5,ACPJUM182,3456
source_5,ADMJUM036,3456
source_5,ACPJUM091,3456
source_5,ACPJUM112,3456
source_5,AETJUM109,3456
source_5,AETJUM113,3456
source_5,AETJUM116,3456
source_5,AETJUM119,3456
source_5,AETJUM123,3456
source_5,AETJUM125,3456
source_5,AETJUM230,3456
source_5,AEOJUM604,3456
source_5,AEOJUM703,3456
source_5,ACPJUM191,3456
source_5,APTJUM303,3456
source_5,ATSJUM230,3456
source_5,APTJUM324,3456
source_5,APTJUM326,3456
source_5,ADMJUM020,3456
source_5,AEOJUM203,3456
source_5,ADMJUM021,3456
source_5,AEOJUM306,3456
source_5,ADMJUM022,3456
source_5,AEOJUM402,3456
source_5,AEOJUM406,3456
source_5,AEOJUM502,3456
source_5,APCJUM009,3456
source_5,AEOJUM701,3456
source_5,ADMJUM027,3456
source_5,APTJUM415,3456
source_5,APTJUM430,3456
source_5,AETJUM103,3456
source_5,AETJUM107,3456
source_5,ADMJUM029,3456
source_5,AETJUM110,3456
source_5,AETJUM117,3456
source_5,AETJUM118,3456
source_5,AETJUM122,3456
source_5,AEOJUM806,3456
source_5,AETJUM228,3456
source_5,ADMJUM034,3456
source_5,AEOJUM706,3456
source_5,ATSJUM502,3456
source_5,AEOJUM906,3456
source_5,ATSJUM419,3456
source_5,AEOJUM401,3456
source_5,AEOJUM407,3456
source_5,AEOJUM501,3456
source_5,AEOJUM505,3456
source_5,ADMJUM126,3456
source_5,APTJUM511,3456
source_5,ATSJUM405,3456
source_5,APTJUM501,3456
source_5,APTJUM611,3456
source_5,AETJUM106,3456
source_5,ACPJUM161,3456
source_5,AETJUM112,3456
source_5,AETJUM115,3456
source_5,ADMJUM030,3456
source_5,AETJUM121,3456
source_5,ADMJUM033,3456
source_5,AETJUM226,3456
source_5,AETJUM231,3456
source_5,AEOJUM702,3456
source_5,APTJUM513,3456
source_5,AEOJUM803,3456
source_5,APTJUM523,3456
source_5,ACPJUM192,3456
source_5,AETJUM427,3456
source_5,AETJUM332,3456
source_6,110000293081,3455
source_6,110000293083,3456
source_6,110000293088,3456
source_6,110000293096,3456
source_6,110000293236,3456
source_6,110000296687,3456
source_6,110000296337,3456
source_6,110000296340,3456
source_6,110000296344,3456
source_6,110000296350,3456
source_6,110000296354,3456
source_6,110000296358,3456
source_6,110000296304,3456
source_6,110000296307,3456
source_6,110000296311,3456
source_6,110000296324,3456
source_6,110000296327,3455
source_6,110000296331,3456
source_6,110000296366,3456
source_6,110000296369,3456
source_6,110000296377,3456
source_6,110000296381,3455
source_6,110000296385,3454
source_6,110000295559,3456
source_6,110000295563,3456
source_6,110000295567,3456
source_6,110000295571,3456
source_6,110000295576,3456
source_6,110000296288,3456
source_6,110000296298,3456
source_6,110000295604,3456
source_6,110000295607,3456
source_6,110000295610,3456
source_6,110000295615,3456
source_6,110000295620,3455
source_6,110000295625,3456
source_6,110000295503,3456
source_6,110000295509,3456
source_6,110000295511,3456
source_6,110000295542,3453
source_6,110000295492,3456
source_6,110000295497,3456
source_6,110000293085,3456
source_6,110000293086,3456
source_6,110000293089,3456
source_6,110000293097,3456
source_6,110000293237,3456
source_6,110000294902,3456
source_6,110000294905,3456
source_6,110000294909,3456
source_6,110000294886,3456
source_6,110000294890,3456
source_6,110000294936,3456
source_6,110000296684,3456
source_6,110000296689,3456
source_6,110000296691,3453
source_6,110000296342,3456
source_6,110000296345,3456
source_6,110000296351,3456
source_6,110000296355,3456
source_6,110000296300,3456
source_6,110000296303,3456
source_6,110000296308,3456
source_6,110000293082,3456
source_6,110000293087,3456
source_6,110000293093,3456
source_6,110000293094,3456
source_6,110000293238,3456
source_6,110000294903,3455
source_6,110000294907,3455
source_6,110000294881,3456
source_6,110000294884,3456
source_6,110000294889,3456
source_6,110000294938,3456
source_6,110000293084,3456
source_6,110000293091,3456
source_6,110000293095,3456
source_6,110000293098,3456
source_6,110000294899,3456
source_6,110000294908,3456
source_6,110000294885,3456
source_6,110000294888,3456
source_6,110000294891,3456
source_6,110000294892,3456
source_6,110000296685,3456
source_6,110000296686,3456
source_6,110000296339,3456
source_6,110000296343,3456
source_6,110000296347,3456
source_6,110000296353,3456
source_6,110000294901,3456
source_6,110000295498,3456
source_6,110000296162,3456
source_6,110000296168,3455
source_6,110000296169,3456
source_6,110000296176,3452
source_6,110000297100,3456
source_6,110000297105,3456
source_6,110000297109,3456
source_6,110000297114,3456
source_6,110000297120,3456
source_6,110000297124,3456
source_6,110000297127,3456
source_6,110000294904,3456
source_6,110000294906,3456
source_6,110000294882,3456
source_6,110000294883,3456
source_6,110000294887,3454
source_6,110000294893,3456
source_6,110000297134,3456
source_6,110000296683,3456
source_6,110000296682,3456
source_6,110000296688,3456
source_6,110000296690,3456
source_6,110000296341,3456
source_6,110000296346,3456
source_6,110000296352,3456
source_6,110000296356,3456
source_6,110000296301,3456
source_6,110000296305,3456
source_6,110000296309,3456
source_6,110000296322,3456
source_6,110000296326,3456
source_6,110000296330,3456
source_6,110000296367,3456
source_6,110000296370,3456
source_6,110000296373,3456
source_6,110000296379,3456
source_6,110000296382,3456
source_6,110000296387,3456
source_6,110000295561,3456
source_6,110000295565,3456
source_6,110000295577,3456
source_6,110000296296,3456
source_6,110000295605,3456
source_6,110000295609,3456
source_6,110000295613,3456
source_6,110000295618,3456
source_6,110000295622,3456
source_6,110000295627,3455
source_6,110000295505,3456
source_6,110000295508,3456
source_6,110000295541,3456
source_6,110000295545,3456
source_6,110000295491,3456
source_6,110000295514,3456
source_6,110000296163,3456
source_6,110000296164,3455
source_6,110000296170,3456
source_6,110000296173,3456
source_6,110000296177,3456
source_6,110000297102,3456
source_6,110000297106,3456
source_6,110000297111,3456
source_6,110000297115,3455
source_6,110000297125,3456
source_6,110000297128,3456
source_6,110000297132,3456
source_6,110000295569,3456
source_6,110000295575,3456
source_6,110000295601,3454
source_6,110000296299,3456
source_6,110000296302,3456
source_6,110000296306,3456
source_6,110000296310,3456
source_6,110000296323,3456
source_6,110000296328,3456
source_6,110000296332,3456
source_6,110000296361,3456
source_6,110000296371,3456
source_6,110000296375,3456
source_6,110000296380,3454
source_6,110000296383,3456
source_6,110000296389,3456
source_6,110000295562,3456
source_6,110000295566,3456
source_6,110000295570,3455
source_6,110000295573,3456
source_6,110000296289,3446
source_6,110000296295,3456
source_6,110000295603,3456
source_6,110000295608,3456
source_6,110000295612,3455
source_6,110000295616,3455
source_6,110000295619,3456
source_6,110000295624,3456
source_6,110000295629,3456
source_6,110000295506,3455
source_6,110000295510,3456
source_6,110000295543,3456
source_6,110000295493,3452
source_6,110000295495,3456
source_6,110000295516,3455
source_6,110000296159,3456
source_6,110000296166,3456
source_6,110000296171,3456
source_6,110000296175,3456
source_6,110000297099,3456
source_6,110000297103,3456
source_6,110000297108,3456
source_6,110000297113,3456
source_6,110000297116,3456
source_6,110000297122,3456
source_6,110000297126,3456
source_6,110000297131,3456
source_6,110000296319,3456
source_6,110000295621,3453
source_6,110000296325,3455
source_6,110000296329,3456
source_6,110000296333,3456
source_6,110000296368,3456
source_6,110000296372,3456
source_6,110000296376,3456
source_6,110000296378,3456
source_6,110000296384,3456
source_6,110000296386,3456
source_6,110000295564,3456
source_6,110000295568,3456
source_6,110000295572,3456
source_6,110000295578,3456
source_6,110000296294,3456
source_6,110000295599,3456
source_6,110000295602,3456
source_6,110000295606,3456
source_6,110000295611,3456
source_6,110000295617,3456
source_6,110000295507,3456
source_6,110000295539,3456
source_6,110000295544,3456
source_6,110000295494,3456
source_6,110000295496,3456
source_6,110000296161,3455
source_6,110000296165,3456
source_6,110000297133,3456
source_6,110000295626,3456
source_6,110000295504,3456
source_6,110000296167,3456
source_6,110000296172,3456
source_6,110000296178,3455
source_6,110000297101,3456
source_6,110000297107,3456
source_6,110000297110,3456
source_6,110000297112,3455
source_6,110000297118,3456
source_6,110000297123,3456
source_6,110000297130,3455
source_7,CP1-SC1-01,3456
source_7,CP1-SC1-08,3456
source_7,CP1-SC1-12,3456
source_7,CP1-SC1-17,3456
source_7,CP4-SC1-20,3456
source_7,CP1-SC1-07,3456
source_7,CP1-SC1-04,3456
source_7,CP1-SC1-11,3456
source_7,CP1-SC1-16,3456
source_7,CP1-SC1-21,3456
source_7,CP1-SC1-23,3456
source_7,CP2-SC1-04,3456
source_7,CP2-SC1-08,3456
source_7,CP2-SC1-12,3456
source_7,CP2-SC1-16,3456
source_7,CP2-SC1-19,3456
source_7,CP2-SC1-23,3455
source_7,CP3-SC1-03,3456
source_7,CP3-SC1-09,3456
source_7,CP3-SC1-10,3456
source_7,CP3-SC1-17,3456
source_7,CP3-SC1-19,3456
source_7,CP4-SC1-05,3456
source_7,CP4-SC1-08,3456
source_7,CP4-SC1-12,3456
source_7,CP4-SC1-16,3456
source_7,CP6-SC1-04,3456
source_7,CP5-SC1-07,3456
source_7,CP5-SC1-16,3456
source_7,CP5-SC1-17,3456
source_7,CP5-SC1-25,3456
source_7,CP7-SC1-01,3456
source_7,CP3-SC1-23,3456
source_7,CP4-SC1-22,3456
source_7,CP6-SC1-18,3456
source_7,CP4-SC1-23,3456
source_7,CP5-SC1-12,3456
source_7,CP1-SC1-06,3456
source_7,CP2-SC1-22,3456
source_7,CP3-SC1-02,3456
source_7,CP3-SC1-07,3456
source_7,CP3-SC1-11,3456
source_7,CP3-SC1-15,3456
source_7,CP3-SC1-18,3456
source_7,CP3-SC1-22,3456
source_7,CP6-SC1-02,3456
source_7,CP4-SC1-09,3456
source_7,CP4-SC1-13,3456
source_7,CP1-SC1-05,3456
source_7,CP1-SC1-10,3456
source_7,CP1-SC1-13,3456
source_7,CP1-SC1-19,3456
source_7,CP1-SC1-24,3456
source_7,CP2-SC1-01,3456
source_7,CP2-SC1-03,3456
source_7,CP2-SC1-14,3456
source_7,CP2-SC1-17,3456
source_7,CP2-SC1-21,3456
source_7,CP2-SC1-25,3456
source_7,CP3-SC1-05,3456
source_7,CP3-SC1-06,3456
source_7,CP3-SC1-13,3456
source_7,CP3-SC1-16,3456
source_7,CP3-SC1-21,3456
source_7,CP3-SC1-25,3456
source_7,CP4-SC1-06,3456
source_7,CP4-SC1-11,3456
source_7,CP4-SC1-17,3456
source_7,CP4-SC1-21,3456
source_7,CP4-SC1-25,3456
source_7,CP5-SC1-03,3456
source_7,CP5-SC1-06,3456
source_7,CP5-SC1-10,3456
source_7,CP5-SC1-13,3456
source_7,CP5-SC1-18,3456
source_7,CP5-SC1-23,3456
source_7,CP5-SC1-22,3456
source_7,CP8-SC1-02,3456
source_7,CP7-SC1-03,3456
source_7,CP1-SC1-09,3456
source_7,CP1-SC1-14,3456
source_7,CP1-SC1-15,3456
source_7,CP1-SC1-20,3456
source_7,CP1-SC1-25,3456
source_7,CP2-SC1-05,3456
source_7,CP2-SC1-07,3456
source_7,CP2-SC1-11,3456
source_7,CP2-SC1-15,3456
source_7,CP2-SC1-20,3456
source_7,CP2-SC1-24,3456
source_7,CP3-SC1-04,3456
source_7,CP3-SC1-08,3456
source_7,CP3-SC1-12,3456
source_7,CP3-SC1-14,3456
source_7,CP3-SC1-20,3456
source_7,CP3-SC1-24,3456
source_7,CP4-SC1-07,3456
source_7,CP4-SC1-10,3456
source_7,CP1-SC1-18,3455
source_7,CP4-SC1-15,3456
source_7,CP1-SC1-22,3456
source_7,CP2-SC1-02,3456
source_7,CP2-SC1-06,3456
source_7,CP2-SC1-09,3456
source_7,CP2-SC1-10,3456
source_7,CP2-SC1-13,3456
source_7,CP2-SC1-18,3456
source_7,CP6-SC1-03,3456
source_7,CP5-SC1-01,3456
source_7,CP5-SC1-08,3456
source_7,CP5-SC1-11,3456
source_7,CP5-SC1-15,3456
source_7,CP5-SC1-20,3456
source_7,CP5-SC1-24,3456
source_7,CP1-SC2-25,3456
source_7,CP3-SC2-25M,3456
source_7,CP4-SC1-14,3456
source_7,CP4-SC1-19,3456
source_7,CP4-SC1-24,3456
source_7,CP3-SC2-24M,3456
source_7,CP5-SC1-04,3456
source_7,CP5-SC1-05,3456
source_7,CP5-SC1-09,3456
source_7,CP5-SC1-14,3456
source_7,CP5-SC1-19,3456
source_7,CP5-SC1-21,3456
source_7,CP6-SC1-01,3456
source_7,CP7-SC1-02,3456
source_8,A1170383,3456
source_8,A1170386,3456
source_8,A1170389,3456
source_8,A1170396,3456
source_8,A1170398,3456
source_8,A1170403,3456
source_8,A1170407,3456
source_8,A1170409,3456
source_8,A1170478,3456
source_8,A1170482,3456
source_8,A1170485,3456
source_8,A1170489,3456
source_8,A1166128,3456
source_8,A1170494,3456
source_8,A1170498,3456
source_8,A1170501,3456
source_8,A1170505,3456
source_8,A1170509,3456
source_8,A1170512,3456
source_8,A1170516,3456
source_8,A1170521,3456
source_8,A1170526,3456
source_8,A1170387,3456
source_8,A1170388,3456
source_8,A1170392,3456
source_8,A1170395,3456
source_8,A1170402,3456
source_8,A1170405,3456
source_8,A1170408,3456
source_8,A1170412,3456
source_8,A1170416,3456
source_8,A1170420,3456
source_8,A1170423,3456
source_8,A1170429,3456
source_8,A1170433,3456
source_8,A1170438,3456
source_8,A1170442,3456
source_8,A1170447,3456
source_8,A1170450,3456
source_8,A1170453,3456
source_8,A1170458,3456
source_8,A1170466,3456
source_8,A1170470,3456
source_8,A1170479,3456
source_8,A1170483,3456
source_8,A1170486,3456
source_8,A1170491,3456
source_8,A1166127,3456
source_8,A1170495,3456
source_8,A1170499,3456
source_8,A1170502,3456
source_8,A1170508,3456
source_8,A1170511,3456
source_8,A1170515,3456
source_8,A1170519,3456
source_8,A1170522,3456
source_8,A1170525,3456
source_8,A1170529,3456
source_8,A1170536,3456
source_8,A1170538,3456
source_8,A1170384,3456
source_8,A1170390,3456
source_8,A1170393,3456
source_8,A1170397,3456
source_8,A1170400,3456
source_8,A1170404,3456
source_8,A1170410,3456
source_8,A1170414,3456
source_8,A1170417,3456
source_8,A1170421,3456
source_8,A1170425,3456
source_8,A1170427,3456
source_8,A1170432,3456
source_8,A1170440,3456
source_8,A1170444,3456
source_8,A1170446,3456
source_8,A1170451,3456
source_8,A1170455,3456
source_8,A1170459,3456
source_8,A1170464,3456
source_8,A1170475,3456
source_8,A1170477,3456
source_8,A1170481,3456
source_8,A1170487,3456
source_8,A1166126,3456
source_8,A1166129,3456
source_8,A1170496,3456
source_8,A1170507,3456
source_8,A1170510,3456
source_8,A1170514,3456
source_8,A1170518,3456
source_8,A1170524,3456
source_8,A1170527,3456
source_8,A1170531,3456
source_8,A1170533,3456
source_8,A1170539,3456
source_8,A1170543,3456
source_8,A1170503,3456
source_8,A1170385,3456
source_8,A1170391,3456
source_8,A1170394,3456
source_8,A1170399,3456
source_8,A1170401,3456
source_8,A1170406,3456
source_8,A1170411,3456
source_8,A1170413,3456
source_8,A1170419,3456
source_8,A1170422,3456
source_8,A1170426,3456
source_8,A1170430,3456
source_8,A1170434,3456
source_8,A1170439,3456
source_8,A1170443,3456
source_8,A1170449,3456
source_8,A1170452,3456
source_8,A1170456,3456
source_8,A1170460,3456
source_8,A1170468,3456
source_8,A1170472,3456
source_8,A1170476,3456
source_8,A1170463,3456
source_8,A1170415,3456
source_8,A1170418,3456
source_8,A1170424,3456
source_8,A1170428,3456
source_8,A1170431,3456
source_8,A1170437,3456
source_8,A1170441,3456
source_8,A1170445,3456
source_8,A1170448,3456
source_8,A1170454,3456
source_8,A1170457,3456
source_8,A1170461,3456
source_8,A1170467,3456
source_8,A1170469,3456
source_8,A1170462,3456
source_8,A1170474,3456
source_8,A1170465,3456
source_8,A1170471,3456
source_8,A1170473,3456
source_8,A1170544,3456
source_8,A1166132,3456
source_8,A1166133,3456
source_8,A1166140,3456
source_8,A1166144,3456
source_8,A1166147,3456
source_8,A1166150,3456
source_8,A1166155,3456
source_8,A1166159,3456
source_8,A1166160,3456
source_8,A1166167,3456
source_8,A1166171,3456
source_8,A1166176,3456
source_8,A1166177,3456
source_8,A1170480,3456
source_8,A1170484,3456
source_8,A1170488,3456
source_8,A1170492,3456
source_8,A1170493,3456
source_8,A1170497,3456
source_8,A1170500,3456
source_8,A1166154,3456
source_8,A1170490,3456
source_8,A1170540,3456
source_8,A1166130,3456
source_8,A1166137,3456
source_8,A1166138,3456
source_8,A1166143,3456
source_8,A1166148,3456
source_8,A1166152,3456
source_8,A1166156,3456
source_8,A1166161,3456
source_8,A1166165,3456
source_8,A1166168,3456
source_8,A1166173,3456
source_8,A1166174,3456
source_8,A1166180,3456
source_8,A1170504,3456
source_8,A1170506,3456
source_8,A1170513,3456
source_8,A1170517,3456
source_8,A1170520,3456
source_8,A1170523,3456
source_8,A1170528,3456
source_8,A1170532,3456
source_8,A1170535,3456
source_8,A1170542,3456
source_8,A1166131,3456
source_8,A1166136,3456
source_8,A1166135,3456
source_8,A1166142,3456
source_8,A1166145,3456
source_8,A1166149,3456
source_8,A1166157,3456
source_8,A1166162,3456
source_8,A1166166,3456
source_8,A1166169,3456
source_8,A1166172,3456
source_8,A1166178,3456
source_8,A1166181,3456
source_8,A1170530,3456
source_8,A1170534,3456
source_8,A1170541,3456
source_8,A1166134,3456
source_8,A1166139,3456
source_8,A1166141,3456
source_8,A1166146,3456
source_8,A1166151,3456
source_8,A1166153,3456
source_8,A1166158,3456
source_8,A1166163,3456
source_8,A1166164,3456
source_8,A1166170,3456
source_8,A1166175,3456
source_8,A1166179,3456
source_8,A1170537,3456
source_9,GR00003381,6144
source_9,GR00004370,6143
source_9,GR00004373,6144
source_9,GR00004380,6144
source_9,GR00004383,6144
source_9,GR00003280,6144
source_9,GR00003284,6144
source_9,GR00003289,6142
source_9,GR00004392,6143
source_9,GR00004395,6141
source_9,GR00004400,6143
source_9,GR00004398,6144
source_9,GR00004409,6144
source_9,GR00004414,6144
source_9,GR00004418,6144
source_9,GR00003386,6144
source_9,GR00003387,6144
source_9,GR00003394,6144
source_9,GR00003412,6144
source_9,GR00003332,6143
source_9,GR00003336,6142
source_9,GR00003314,6142
source_9,GR00003341,6144
source_9,GR00003297,6143
source_9,GR00003300,6144
source_9,GR00003306,6143
source_9,GR00003310,6143
source_9,GR00003382,6143
source_9,GR00003390,6143
source_9,GR00003395,6144
source_9,GR00003413,6143
source_9,GR00003333,6144
source_9,GR00003337,6143
source_9,GR00003340,6143
source_9,GR00003343,6143
source_9,GR00003298,6142
source_9,GR00003301,6143
source_9,GR00003309,6143
source_9,GR00003317,6143
source_9,GR00004368,6143
source_9,GR00004371,6142
source_9,GR00004375,6144
source_9,GR00004378,6144
source_9,GR00004384,6144
source_9,GR00003281,6143
source_9,GR00003286,6143
source_9,GR00003288,6143
source_9,GR00004393,6143
source_9,GR00004397,6142
source_9,GR00004405,6142
source_9,GR00004413,6144
source_9,GR00004417,6144
source_9,GR00004420,6144
source_9,GR00004408,6144
source_9,GR00003384,6144
source_9,GR00003383,6144
source_9,GR00003393,6142
source_9,GR00003396,6140
source_9,GR00003331,6144
source_9,GR00003335,6140
source_9,GR00003338,6143
source_9,GR00003339,6143
source_9,GR00003344,6144
source_9,GR00003299,6142
source_9,GR00003302,6142
source_9,GR00003392,6144
source_9,GR00003391,6143
source_9,GR00003330,6144
source_9,GR00003334,6144
source_9,GR00003313,6144
source_9,GR00003315,6143
source_9,GR00003342,6143
source_9,GR00003296,6142
source_9,GR00003303,6139
source_9,GR00003307,6143
source_9,GR00004410,6144
source_9,GR00004412,6143
source_9,GR00004416,6144
source_9,GR00004421,6144
source_9,GR00003308,6140
source_9,GR00003311,6142
source_9,GR00004367,6144
source_9,GR00004372,6142
source_9,GR00004377,6144
source_9,GR00004379,6144
source_9,GR00003279,6144
source_9,GR00003283,6144
source_9,GR00003287,6144
source_9,GR00004389,6143
source_9,GR00004394,6144
source_9,GR00004399,6143
source_9,GR00004406,6140
source_9,GR00003318,6144
source_9,GR00003316,6143
source_9,GR00004369,6142
source_9,GR00004374,6144
source_9,GR00004382,6142
source_9,GR00004385,6141
source_9,GR00003282,6144
source_9,GR00003285,6144
source_9,GR00003290,6143
source_9,GR00004391,6143
source_9,GR00004396,6144
source_9,GR00004401,6143
source_9,GR00004407,6143
source_9,GR00004411,6144
source_9,GR00004415,6144
source_9,GR00004419,6141
source_10,Dest210531-152149,2304
source_10,Dest210531-152324,2304
source_10,Dest210601-153606,2304
source_10,Dest210601-154302,2303
source_10,Dest210601-155059,2304
source_10,Dest210601-155722,2304
source_10,Dest210607-134930,2304
source_10,Dest210607-135426,2304
source_10,Dest210608-150932,2304
source_10,Dest210608-152434,2304
source_10,Dest210608-153057,2304
source_10,Dest210614-163446,2304
source_10,Dest210614-164418,2304
source_10,Dest210531-152810,2303
source_10,Dest210531-152945,2303
source_10,Dest210601-153918,2304
source_10,Dest210601-154437,2304
source_10,Dest210601-155234,2304
source_10,Dest210601-155859,2304
source_10,Dest210607-135106,2304
source_10,Dest210607-140103,2304
source_10,Dest210726-163143,2304
source_10,Dest210727-153003,2304
source_10,Dest210727-153623,2302
source_10,Dest210727-154746,2304
source_10,Dest210823-174733,2304
source_10,Dest210823-181152,2304
source_10,Dest210823-181810,2304
source_10,Dest210823-175355,2304
source_10,Dest210531-152634,2304
source_10,Dest210531-153120,2304
source_10,Dest210726-162329,2304
source_10,Dest210809-135821,2304
source_10,Dest210809-140929,2304
source_10,Dest210810-173545,2304
source_10,Dest210810-175009,2304
source_10,Dest210810-175644,2303
source_10,Dest210823-172450,2304
source_10,Dest210823-173306,2304
source_10,Dest210823-173928,2304
source_10,Dest210823-174422,2304
source_10,Dest210531-152459,2304
source_10,Dest210531-153804,2304
source_10,Dest210601-154127,2304
source_10,Dest210601-154924,2304
source_10,Dest210601-155546,2304
source_10,Dest210607-134618,2304
source_10,Dest210607-135749,2304
source_10,Dest210607-140241,2304
source_10,Dest210608-151108,2304
source_10,Dest210608-152745,2304
source_10,Dest210608-152921,2304
source_10,Dest210614-163244,2304
source_10,Dest210614-163756,2304
source_10,Dest210614-164243,2304
source_10,Dest210614-165222,2304
source_10,Dest210615-152648,2303
source_10,Dest210621-132852,2304
source_10,Dest210621-133513,2303
source_10,Dest210621-134826,2304
source_10,Dest210809-141809,2304
source_10,Dest210810-174829,2303
source_10,Dest210810-175828,2304
source_10,Dest210601-153742,2303
source_10,Dest210601-154612,2304
source_10,Dest210601-155410,2304
source_10,Dest210607-134443,2303
source_10,Dest210607-135241,2304
source_10,Dest210607-140420,2304
source_10,Dest210622-142830,2304
source_10,Dest210622-145122,2304
source_10,Dest210622-144945,2304
source_10,Dest210705-142818,2304
source_10,Dest210705-143959,2304
source_10,Dest210705-144447,2304
source_10,Dest210707-094542,2304
source_10,Dest210726-160506,2304
source_10,Dest210726-161447,2304
source_10,Dest210726-162150,2304
source_10,Dest210726-163005,2304
source_10,Dest210727-152817,2304
source_10,Dest210727-153313,2304
source_10,Dest210727-154253,2303
source_10,Dest210727-155549,2304
source_10,Dest210803-153958,2304
source_10,Dest210803-154754,2304
source_10,Dest210803-155551,2304
source_10,Dest210803-160217,2304
source_10,Dest210809-134337,2304
source_10,Dest210809-134845,2304
source_10,Dest210809-135505,2304
source_10,Dest210809-140131,2304
source_10,Dest210809-141456,2304
source_10,Dest210810-173723,2304
source_10,Dest210810-175151,2304
source_10,Dest210810-180316,2304
source_10,Dest210823-172805,2304
source_10,Dest210823-173441,2303
source_10,Dest210823-173752,2304
source_10,Dest210823-174909,2304
source_10,Dest210823-175044,2304
source_10,Dest210823-180351,2304
source_10,Dest210607-140601,2304
source_10,Dest210608-151418,2304
source_10,Dest210608-152610,2304
source_10,Dest210614-165045,2304
source_10,Dest210615-151512,2304
source_10,Dest210621-132542,2304
source_10,Dest210622-142653,2304
source_10,Dest210622-143628,2304
source_10,Dest210628-161651,2304
source_10,Dest210705-142446,2304
source_10,Dest210705-142958,2304
source_10,Dest210705-144135,2304
source_10,Dest210823-172626,2304
source_10,Dest210823-172940,2304
source_10,Dest210823-173617,2303
source_10,Dest210823-174240,2303
source_10,Dest210823-180533,2304
source_10,Dest210608-151243,2304
source_10,Dest210608-151729,2303
source_10,Dest210608-153234,2304
source_10,Dest210614-162933,2304
source_10,Dest210614-163621,2304
source_10,Dest210614-163932,2304
source_10,Dest210614-164906,2304
source_10,Dest210615-151336,2304
source_10,Dest210615-153137,2304
source_10,Dest210621-133202,2304
source_10,Dest210621-134650,2304
source_10,Dest210707-094057,2304
source_10,Dest210726-155958,2304
source_10,Dest210726-160150,2304
source_10,Dest210727-155901,2304
source_10,Dest210803-154444,2304
source_10,Dest210803-154929,2304
source_10,Dest210803-155415,2304
source_10,Dest210803-160527,2304
source_10,Dest210803-161150,2303
source_10,Dest210809-135020,2304
source_10,Dest210809-135646,2304
source_10,Dest210809-140308,2304
source_10,Dest210809-141632,2304
source_10,Dest210810-173859,2304
source_10,Dest210823-172304,2301
source_10,Dest210823-181327,2304
source_10,Dest210608-151554,2304
source_10,Dest210608-153411,2303
source_10,Dest210810-180004,2304
source_10,Dest210823-173115,2304
source_10,Dest210823-174104,2304
source_10,Dest210823-174556,2304
source_10,Dest210823-175219,2304
source_10,Dest210823-180039,2304
source_10,Dest210823-180842,2304
source_10,Dest210614-163109,2304
source_10,Dest210614-164553,2304
source_10,Dest210621-133027,2303
source_10,Dest210621-134337,2304
source_10,Dest210622-143317,2304
source_10,Dest210622-145259,2303
source_10,Dest210628-162003,2304
source_10,Dest210705-143133,2304
source_10,Dest210705-143821,2304
source_10,Dest210705-144624,2304
source_10,Dest210726-160643,2304
source_10,Dest210726-161624,2304
source_10,Dest210726-163321,2304
source_10,Dest210727-153448,2304
source_10,Dest210727-153944,2304
source_10,Dest210727-160037,2304
source_10,Dest210803-154309,2304
source_10,Dest210803-154133,2304
source_10,Dest210803-155726,2304
source_10,Dest210803-160702,416
source_10,Dest210823-181945,2304
source_10,Dest210614-164730,2304
source_10,Dest210615-151201,2304
source_10,Dest210615-153001,2304
source_10,Dest210621-132717,2304
source_10,Dest210621-133338,2304
source_10,Dest210621-134201,2304
source_10,Dest210823-180708,2304
source_10,Dest210823-181501,2304
source_10,Dest210823-182255,2304
source_10,Dest210621-135001,2304
source_10,Dest210726-160820,2303
source_10,Dest210726-160957,2304
source_10,Dest210726-162012,2304
source_10,Dest210809-134534,2304
source_10,Dest210809-135156,2304
source_10,Dest210809-135957,2304
source_10,Dest210809-141104,2304
source_10,Dest210823-182450,2304
source_10,Dest210622-143006,2304
source_10,Dest210622-144809,2304
source_10,Dest210705-142134,2302
source_10,Dest210705-142621,2304
source_10,Dest210705-143620,2302
source_10,Dest210705-144312,2304
source_10,Dest210707-094231,2304
source_10,Dest210726-160328,2304
source_10,Dest210726-161133,2304
source_10,Dest210726-161801,2304
source_10,Dest210726-162828,2304
source_10,Dest210726-163500,2304
source_10,Dest210727-153138,2304
source_10,Dest210727-154118,2304
source_10,Dest210727-155725,2304
source_10,Dest210823-175531,2304
source_10,Dest210823-180215,2304
source_10,Dest210823-181018,2304
source_10,Dest210823-181636,2303
source_10,Dest210823-182120,2304
source_10,Dest210727-154427,2304
source_10,Dest210803-153819,2304
source_10,Dest210803-154619,2304
source_10,Dest210803-155239,2304
source_10,Dest210803-160041,2304
source_10,Dest210803-160838,2304
source_10,Dest210809-134710,2304
source_10,Dest210809-135330,2304
source_11,EC000001,3456
source_11,EC000003,3456
source_11,EC000008,3456
source_11,EC000013,3448
source_11,EC000016,3456
source_11,EC000021,3443
source_11,EC000025,3456
source_11,EC000029,3453
source_11,EC000033,3456
source_11,EC000038,3456
source_11,EC000043,3456
source_11,EC000047,3456
source_11,EC000049,3456
source_11,EC000054,3456
source_11,EC000059,3456
source_11,EC000063,3454
source_11,EC000065,3456
source_11,EC000070,3456
source_11,EC000134,3455
source_11,EC000142,3455
source_11,EC000144,3455
source_11,EC000147,3456
source_11,EC000151,3455
source_11,EC000155,3455
source_11,EC000103,3456
source_11,EC103-132LM2,3455
source_11,EC000005,3456
source_11,EC000006,3455
source_11,EC000011,3449
source_11,EC000014,3456
source_11,EC000018,3451
source_11,EC000022,3437
source_11,EC000027,3455
source_11,EC000030,3455
source_11,EC000037,3456
source_11,EC000040,3455
source_11,EC000044,3456
source_11,EC000048,3456
source_11,EC000053,3456
source_11,EC000057,3456
source_11,EC000060,3456
source_11,EC000064,3456
source_11,EC000069,3456
source_11,EC000133,3455
source_11,EC000136,3456
source_11,EC000141,3455
source_11,EC000145,3455
source_11,EC000150,3456
source_11,EC000152,3455
source_11,EC000156,3456
source_11,EC000158,3456
source_11,EC000163,3456
source_11,EC000170,3456
source_11,EC133-171LM1,3456
source_11,EC000004,3455
source_11,EC000007,3456
source_11,EC000012,3449
source_11,EC000015,3454
source_11,EC000019,3455
source_11,EC000023,3456
source_11,EC000026,3453
source_11,EC000032,3445
source_11,EC000034,3455
source_11,EC000041,3456
source_11,EC000002,3455
source_11,EC000009,3456
source_11,EC000010,3451
source_11,EC000017,3456
source_11,EC000020,3456
source_11,EC000024,3456
source_11,EC000028,3456
source_11,EC000031,3456
source_11,EC000039,3456
source_11,EC000042,3456
source_11,EC000046,3456
source_11,EC000051,3432
source_11,EC000055,3456
source_11,EC000058,3454
source_11,EC000061,3456
source_11,EC000067,3455
source_11,LM37-70_1,3456
source_11,EC000135,3456
source_11,EC000138,3456
source_11,EC000139,3455
source_11,EC000143,3455
source_11,EC000149,3455
source_11,EC000154,3454
source_11,EC000161,3455
source_11,EC000168,3456
source_11,EC000167,3456
source_11,EC133-171DMSO2,3456
source_11,EC000106,3456
source_11,EC000110,3456
source_11,EC000114,3452
source_11,EC000083,3456
source_11,EC000087,3455
source_11,EC000091,3456
source_11,EC000095,3455
source_11,EC000099,3456
source_11,LM71-102_1,3456
source_11,EC000045,3456
source_11,EC000050,3456
source_11,EC000052,3456
source_11,EC000056,3456
source_11,EC000062,3456
source_11,EC000066,3456
source_11,EC000068,3439
source_11,LM37-70_2,3450
source_11,EC000073,3456
source_11,EC000076,3456
source_11,EC000080,3456
source_11,EC000097,3455
source_11,EC000101,3456
source_11,LM71-102_2,3456
source_11,EC000137,3455
source_11,EC000140,3456
source_11,EC000146,3455
source_11,EC000148,3456
source_11,EC000104,3456
source_11,EC000107,3452
source_11,EC000112,3456
source_11,EC000116,3455
source_11,EC000119,3455
source_11,EC000125,3454
source_11,EC000128,3456
source_11,EC000132,3455
source_11,DMSO71-102_1,3455
source_11,EC000072,3456
source_11,EC000075,3448
source_11,EC000081,3454
source_11,EC000085,3456
source_11,EC000089,3454
source_11,EC000094,3456
source_11,EC000096,3447
source_11,EC000100,3455
source_11,EC000153,3455
source_11,EC000084,3445
source_11,EC000088,3456
source_11,EC000092,3456
source_11,EC000157real,3455
source_11,EC000164,3455
source_11,EC000166,3456
source_11,EC000169,3455
source_11,EC000171,3453
source_11,EC000160,3456
source_11,EC000162,3456
source_11,EC000165,3449
source_11,EC133-171DMSO1,3455
source_11,EC133-171LM2,3456
source_11,EC000105,3455
source_11,EC000111,3455
source_11,EC000113,3456
source_11,EC000117,3454
source_11,EC000121,3426
source_11,EC000123,3456
source_11,EC000131,3456
source_11,EC103-132DMSO2,3454
source_11,EC000071,3456
source_11,EC000078,3456
source_11,EC000159,3456
source_11,EC000079,3456
source_11,EC000108,3456
source_11,EC000109,3456
source_11,EC000115,3399
source_11,EC000120,3456
source_11,EC000124,3455
source_11,EC000127,3455
source_11,EC000129,3456
source_11,EC000118,3446
source_11,EC000122,3456
source_11,EC000126,3447
source_11,EC000130,3446
source_11,EC103-132DMSO1,3456
source_11,DMSO71-102_2,3456
source_11,EC000074,3449
source_11,EC000077,3456
source_11,EC000082,3455
source_11,EC000086,3456
source_11,EC000090,3456
source_11,EC000093,3456
source_11,EC000098,3444
source_11,EC000102,3456
source_13,CP-CC9-R1-01,3456
source_13,CP-CC9-R1-02,3456
source_13,CP-CC9-R1-08,3456
source_13,CP-CC9-R1-13,3456
source_13,CP-CC9-R2-13,3456
source_13,CP-CC9-R2-16,3456
source_13,CP-CC9-R2-20,3456
source_13,CP-CC9-R2-24,3456
source_13,CP-CC9-R2-28,3456
source_13,CP-CC9-R3-02,3456
source_13,CP-CC9-R3-05,3456
source_13,CP-CC9-R3-11,3455
source_13,CP-CC9-R3-15,3456
source_13,CP-CC9-R3-19,3456
source_13,CP-CC9-R3-23,3456
source_13,CP-CC9-R3-27,3456
source_13,CP-CC9-R4-04,3456
source_13,CP-CC9-R4-08,3456
source_13,CP-CC9-R4-12,3456
source_13,CP-CC9-R4-16,3456
source_13,CP-CC9-R4-21,3456
source_13,CP-CC9-R4-24,3456
source_13,CP-CC9-R4-28,3456
source_13,CP-CC9-R5-05,3456
source_13,CP-CC9-R5-09,3456
source_13,CP-CC9-R5-13,3456
source_13,CP-CC9-R5-17,3456
source_13,CP-CC9-R5-20,3456
source_13,CP-CC9-R5-23,3456
source_13,CP-CC9-R1-03,3456
source_13,CP-CC9-R1-07,3456
source_13,CP-CC9-R1-10,3456
source_13,CP-CC9-R1-12,3456
source_13,CP-CC9-R1-18,3456
source_13,CP-CC9-R1-22,3455
source_13,CP-CC9-R1-25,3456
source_13,CP-CC9-R2-01,3456
source_13,CP-CC9-R2-10,3456
source_13,CP-CC9-R2-05,3456
source_13,CP-CC9-R1-05,3456
source_13,CP-CC9-R1-06,3456
source_13,CP-CC9-R1-11,3456
source_13,CP-CC9-R1-15,3456
source_13,CP-CC9-R1-19,3456
source_13,CP-CC9-R1-23,3456
source_13,CP-CC9-R1-27,3456
source_13,CP-CC9-R2-02,3456
source_13,CP-CC9-R2-06,3456
source_13,CP-CC9-R2-11,3456
source_13,CP-CC9-R2-14,3456
source_13,CP-CC9-R2-18,3456
source_13,CP-CC9-R2-23,3456
source_13,CP-CC9-R2-26,3456
source_13,CP-CC9-R3-01,3456
source_13,CP-CC9-R3-06,3456
source_13,CP-CC9-R3-09,3456
source_13,CP-CC9-R3-13,3456
source_13,CP-CC9-R5-02,3456
source_13,CP-CC9-R5-28,3456
source_13,CP-CC9-R5-29,3456
source_13,CP-CC9-R6-29,3456
source_13,CP-CC9-R7-29,3456
source_13,CP-CC9-R1-04,3456
source_13,CP-CC9-R1-09,3456
source_13,CP-CC9-R2-12,3456
source_13,CP-CC9-R2-17,3456
source_13,CP-CC9-R2-21,3455
source_13,CP-CC9-R2-25,3456
source_13,CP-CC9-R2-27,3456
source_13,CP-CC9-R3-04,3456
source_13,CP-CC9-R3-08,3456
source_13,CP-CC9-R3-12,3456
source_13,CP-CC9-R3-16,3456
source_13,CP-CC9-R3-22,3456
source_13,CP-CC9-R3-24,3456
source_13,CP-CC9-R3-29,3456
source_13,CP-CC9-R4-05,3456
source_13,CP-CC9-R4-10,3456
source_13,CP-CC9-R4-14,3456
source_13,CP-CC9-R4-18,3456
source_13,CP-CC9-R4-20,3456
source_13,CP-CC9-R4-25,3456
source_13,CP-CC9-R5-01,3456
source_13,CP-CC9-R5-04,3456
source_13,CP-CC9-R5-08,3456
source_13,CP-CC9-R5-12,3456
source_13,CP-CC9-R5-16,3456
source_13,CP-CC9-R5-21,3456
source_13,CP-CC9-R5-25,3456
source_13,CP-CC9-R6-01,3456
source_13,CP-CC9-R6-19,3456
source_13,CP-CC9-R7-02,3456
source_13,CP-CC9-R8-02,3456
source_13,CP-CC9-R1-14,3456
source_13,CP-CC9-R2-22,3456
source_13,CP-CC9-R1-16,3456
source_13,CP-CC9-R1-21,3456
source_13,CP-CC9-R1-24,3456
source_13,CP-CC9-R1-28,3456
source_13,CP-CC9-R2-03,3456
source_13,CP-CC9-R2-07,3456
source_13,CP-CC9-R2-08,3456
source_13,CP-CC9-R2-15,3456
source_13,CP-CC9-R2-19,3456
source_13,CP-CC9-R5-26,3456
source_13,CP-CC9-R1-17,3456
source_13,CP-CC9-R1-20,3456
source_13,CP-CC9-R1-26,3456
source_13,CP-CC9-R1-29,3456
source_13,CP-CC9-R2-04,3456
source_13,CP-CC9-R2-09,3456
source_13,CP-CC9-R2-29,3456
source_13,CP-CC9-R3-03,3456
source_13,CP-CC9-R3-07,3456
source_13,CP-CC9-R3-10,3456
source_13,CP-CC9-R3-14,3456
source_13,CP-CC9-R3-18,3456
source_13,CP-CC9-R3-20,3456
source_13,CP-CC9-R3-26,3456
source_13,CP-CC9-R4-03,3456
source_13,CP-CC9-R4-06,3455
source_13,CP-CC9-R4-11,3456
source_13,CP-CC9-R4-15,3456
source_13,CP-CC9-R4-19,3455
source_13,CP-CC9-R4-23,3456
source_13,CP-CC9-R4-26,3456
source_13,CP-CC9-R5-03,3456
source_13,CP-CC9-R5-06,3456
source_13,CP-CC9-R5-11,3456
source_13,CP-CC9-R5-15,3456
source_13,CP-CC9-R5-18,3456
source_13,CP-CC9-R5-22,3456
source_13,CP-CC9-R3-17,3456
source_13,CP-CC9-R3-21,3456
source_13,CP-CC9-R3-25,3456
source_13,CP-CC9-R3-28,3456
source_13,CP-CC9-R4-07,3456
source_13,CP-CC9-R4-09,3456
source_13,CP-CC9-R4-13,3456
source_13,CP-CC9-R4-17,3456
source_13,CP-CC9-R4-27,3456
source_13,CP-CC9-R4-22,3456
source_13,CP-CC9-R5-07,3456
source_13,CP-CC9-R5-10,3456
source_13,CP-CC9-R5-14,3456
source_13,CP-CC9-R5-19,3456
source_13,CP-CC9-R5-24,3456
source_13,CP-CC9-R5-27,3456
source_13,CP-CC9-R6-02,3456
source_13,CP-CC9-R8-01,3456
source_13,CP-CC9-R7-28,3456
source_13,CP-CC9-R7-01,3456
source_13,CP-CC9-R6-28,3456
source_13,CP-CC9-R7-19,3456
